Date,"All Commodity Price Index, 2016 = 100, includes both Fuel and Non-Fuel Price Indices","Commodities for Index: All, excluding Gold, 2016 = 100","Non-Fuel Price Index, 2016 = 100, includes Precious Metal, Food and Beverages and Industrial Inputs Price Indices","Food and Beverage Price Index, 2016 = 100, includes Food and Beverage Price Indices","Food Price Index, 2016 = 100, includes Cereal, Vegetable Oils, Meat, Seafood, Sugar, and Other Food (Apple (non-citrus fruit), Bananas, Chana (legumes), Fishmeal, Groundnuts, Milk (dairy), Tomato (veg)) Price Indices","Beverage Price Index, 2016 = 100, includes Coffee, Tea, and Cocoa","Industrial Inputs Price Index, 2016 = 100, includes Agricultural Raw Materials and Base Metals Price Indices","Agriculture Price Index, 2016 = 100, includes Food and Beverages and Agriculture Raw Materials Price Indices","Agricultural Raw Materials Index, 2016 = 100, includes Timber, Cotton, Wool, Rubber, and Hides Price Indices","All Metals Index, 2016 = 100: includes Metal Price Index (Base Metals) and Precious Metals Index","Base Metals Price Index, 2016 = 100, includes Aluminum, Cobalt, Copper, Iron Ore, Lead, Molybdenum, Nickel, Tin, Uranium and Zinc Price Indices","Precious Metals Price Index, 2016 = 100, includes Gold, Silver, Palladium and Platinum Price Indices","All Metals EX GOLD Index, 2016 = 100: includes Metal Price Index (Base Metals) and ONLY Silver, Palladium, Platinum ","Fertilizer Index, 2016 = 100, includes DAP, Potash, UREA","Fuel (Energy) Index, 2016 = 100, includes Crude oil (petroleum), Natural Gas, Coal Price and Propane Indices","Crude Oil (petroleum), Price index, 2016 = 100, simple average of three spot prices; Dated Brent, West Texas Intermediate, and the Dubai Fateh","Natural Gas Price Index, 2016 = 100, includes European, Japanese, and American Natural Gas Price Indices","Coal Price Index, 2016 = 100, includes Australian and South African Coal","Aluminum, 99.5% minimum purity, LME spot price, CIF UK ports, US$ per metric ton","Bananas, Central American and Ecuador, FOB U.S. Ports, US$ per metric ton","Barley, Canadian no.1 Western Barley, spot price, US$ per metric ton","Beef, Australian and New Zealand 85% lean fores, CIF U.S. import price, US cents per pound","Coal, Australian thermal coal, 12,000- btu/pound, less than 1% sulfur, 14% ash, FOB Newcastle/Port Kembla, US$ per metric ton","Cocoa beans, International Cocoa Organization cash price, CIF US and European ports, US$ per metric ton","Coffee, Other Mild Arabicas, International Coffee Organization New York cash price, ex-dock New York, US cents per pound","Coffee, Robusta, International Coffee Organization New York cash price, ex-dock New York, US cents per pound","Rapeseed oil, crude, fob Rotterdam, US$ per metric ton","Copper, grade A cathode, LME spot price, CIF European ports, US$ per metric ton","Cotton, Cotton Outlook 'A Index', Middling 1-3/32 inch staple, CIF Liverpool, US cents per pound","Fishmeal, Peru Fish meal/pellets 65% protein, CIF, US$ per metric ton","Groundnuts (peanuts), 40/50 (40 to 50 count per ounce), cif Argentina, US$ per metric ton","Hides, Heavy native steers, over 53 pounds, wholesale dealer's price, US, Chicago, fob Shipping Point, US cents per pound","China import Iron Ore Fines 62% FE spot (CFR Tianjin port), US dollars per metric ton","Lamb, frozen carcass Smithfield London, US cents per pound","Lead, 99.97% pure, LME spot price, CIF European Ports, US$ per metric ton","Soft Logs, Average Export price from the U.S. for Douglas Fir, US$ per cubic meter","Hard Logs, Best quality Malaysian meranti, import price Japan, US$ per cubic meter","Maize (corn), U.S. No.2 Yellow, FOB Gulf of Mexico, U.S. price, US$ per metric ton","Natural Gas, Russian Natural Gas border price in Germany, US$ per Million Metric British Thermal Unit","Natural Gas, Indonesian Liquefied Natural Gas in Japan, US$ per Million Metric British Thermal Unit","Natural Gas, Natural Gas spot price at the Henry Hub terminal in Louisiana, US$ per Million Metric British Thermal Unit","Nickel, melting grade, LME spot price, CIF European ports, US$ per metric ton","Crude Oil (petroleum), Price index, 2016 = 100, simple average of three spot prices; Dated Brent, West Texas Intermediate, and the Dubai Fateh.1","Crude Oil (petroleum),  Dated Brent, light blend 38 API, fob U.K., US$ per barrel","Crude Oil (petroleum), Dubai Fateh Fateh 32 API, US$ per barrel","Crude Oil (petroleum), West Texas Intermediate 40 API, Midland Texas, US$ per barrel","Olive Oil, extra virgin less than 1% free fatty acid, ex-tanker price U.K., US$ per metric ton","Generic 1st 'JO' Future, USD/lb","Palm oil, Malaysia Palm Oil Futures (first contract forward) 4-5 percent FFA, US$ per metric ton","Swine (pork), 51-52% lean Hogs, U.S. price, US cents per pound.","Poultry (chicken), Whole bird spot price, Ready-to-cook, whole, iced, Georgia docks, US cents per pound","Rice, 5 percent broken milled white rice, Thailand nominal price quote, US$ per metric ton","Rubber, Singapore Commodity Exchange, No. 3 Rubber Smoked Sheets, 1st contract, US cents per pound","Fish (salmon), Farm Bred Norwegian Salmon, export price, US$ per kilogram","Hard Sawnwood, Dark Red Meranti, select and better quality, C&F U.K port, US$ per cubic meter","Soft Sawnwood, average export price of Douglas Fir, U.S. Price, US$ per cubic meter",Thailand Whiteleg Shrimp 70 Shrimps/Kg Spot Price,"Soybean Meal, Chicago Soybean Meal Futures (first contract forward) Minimum 48 percent protein, US$ per metric ton","Soybean Oil, Chicago Soybean Oil Futures (first contract forward) exchange approved grades, US$ per metric ton","Soybeans, U.S. soybeans, Chicago Soybean futures contract (first contract forward) No. 2 yellow and par, US$ per metric ton","Sugar, Free Market, Coffee Sugar and Cocoa Exchange (CSCE) contract no.11 nearest future position, US cents per pound","Sugar, U.S. import price, contract no.14 nearest futures position, US cents per pound (Footnote: No. 14 revised to No. 16)","Sunflower oil, Sunflower Oil, US export price from Gulf of Mexico, US$ per metric ton","Tea, Mombasa, Kenya, Auction Price, US cents per kilogram, From July 1998,Kenya auctions, Best Pekoe Fannings. Prior, London auctions, c.i.f. U.K. warehouses","Tin, standard grade, LME spot price, US$ per metric ton","Uranium, NUEXCO, Restricted Price, Nuexco exchange spot, US$ per pound","Wheat, No.1 Hard Red Winter, ordinary protein, Kansas City, US$ per metric ton","Generic 1st 'O ' Future, USD/bushel","Sorghum; U.S., Number 2 yellow, fob Gulf of Mexico, US cents per pound","Wool, coarse, 23 micron, Australian Wool Exchange spot quote, US cents per kilogram","Wool, fine, 19 micron, Australian Wool Exchange spot quote, US cents per kilogram","Zinc, high grade 98% pure, US$ per metric ton","Molybdenum, 57 to 63% purity contained in roasted molybdenum concentrate, LME spot price, USD/ton","Cobalt, U.S. cathodes, spot","Gold, Fixing Committee of the London Bullion Market Association, London 3 PM fixed price, US$ per troy ounce","Silver, London Bullion Market Association, USD/troy ounce","Palladium, LME spot price, USD/ troy ounce","Platinum, LME spot price, USD/troy ounce",North American Spot LPG Propane Price/Mont Belvieu LST,"US Gulf NOLA Urea Granular Spot Price, USD/ST","Potassium Chloride (Muriate of Potash) Standard Grade: FOB Vancouver Spot Price, USD/metric tonne","US Gulf NOLA DAP Export Spot Price per MT, USD/metric tonne","Monthly average consumer prices in metropolitan France - Tomatoes (1 Kg), EUR","USDA Class 3 (formerly known as Basic Formula) Milk Spot Price, USD/cwt","MCX India Chana Spot, INR/100 Kgs","Monthly average consumer prices in metropolitan France - Apples (1 Kg), EUR",Average Bitcoin Price in USD
2014M3,170.246,177.398,129.124,128.514,129.600,115.682,140.427,127.601,121.420,128.593,147.982,109.848,146.030,163.017,229.728,218.154,226.909,114.785,1705.367,966.851,145.984,197.762,79.753,3041.667,216.060,111.904,1014.260,6650.036,96.948,1729.285,2376.985,110.976,111.833,135.104,2053.083,187.305,290.923,222.393,10.690,17.810,4.879,15678.095,104.043,107.406,104.150,100.573,3586.633,1.528,860.519,113.213,105.234,434.143,103.478,7.434,905.736,354.534,17.196,506.691,928.544,522.001,17.888,23.012,1152.085,237.73,23024.31,34.70,275.61,4.66,9.13,1022.65,1077.57,2007.90,22452.38,30699.43,1336.08,20.74,773.07,1451.62,1.07,421.19,309.50,500.00,4.37,23.12,52.73,3.27,549.9335317278835
2014M4,171.529,179.162,130.533,131.340,132.554,116.996,143.177,129.699,118.596,129.535,152.948,106.900,150.136,157.526,230.829,219.945,223.768,114.577,1810.675,945.505,148.665,191.227,78.521,3050.608,226.985,110.679,1008.349,6673.563,94.203,1763.826,2256.203,112.091,114.581,140.379,2087.088,182.625,290.328,222.430,10.790,17.670,4.634,17373.600,104.944,107.875,104.777,102.179,3565.624,1.601,825.325,120.335,107.091,409.941,99.579,7.559,912.494,333.983,18.078,533.634,934.097,547.188,18.215,24.650,1125.099,223.41,23405.20,32.74,276.38,4.11,9.65,1006.05,1088.02,2027.21,26650.00,29771.85,1299.00,19.71,793.11,1432.00,1.10,410.00,287.00,495.23,4.77,24.03,50.72,3.36,463.0340150132594
2014M5,169.249,176.729,126.340,126.091,127.146,113.627,139.708,124.888,116.751,127.149,148.833,106.185,146.564,142.956,231.317,221.712,221.733,115.138,1751.050,915.997,159.628,194.545,78.835,3029.996,215.238,108.352,948.999,6891.125,92.713,1820.156,2217.553,109.095,100.560,145.285,2097.325,175.071,292.495,216.975,10.640,17.680,4.564,19401.075,105.731,109.676,105.515,102.003,3553.717,1.578,800.287,110.469,108.689,403.591,94.018,7.072,918.053,331.200,17.637,542.778,893.532,546.033,18.240,25.159,1127.282,219.52,23271.25,28.54,287.91,3.76,10.08,1043.20,1096.85,2058.98,30635.00,29993.23,1287.53,19.36,821.14,1456.20,1.04,357.05,287.00,449.55,3.75,22.66,49.61,3.36,484.32644490172333
2014M6,169.620,177.218,124.288,123.407,124.480,110.715,137.345,122.607,117.200,125.225,145.352,105.765,143.629,143.529,235.192,228.155,220.161,112.728,1838.952,926.072,150.747,200.786,77.348,3174.303,198.911,104.626,932.074,6821.143,90.898,2000.876,2212.721,108.286,92.852,147.469,2106.940,186.069,291.722,202.634,10.520,17.510,4.572,18628.810,108.373,111.869,108.008,105.242,3625.832,1.578,758.472,115.275,110.869,414.667,94.648,6.192,921.323,331.819,17.747,519.273,871.570,528.003,18.242,25.960,1112.057,223.70,22762.00,28.23,261.65,3.46,9.28,1050.39,1073.17,2128.10,32016.67,30458.60,1279.10,19.78,832.24,1452.76,1.05,357.14,287.00,457.62,3.75,21.44,46.63,3.45,614.9848108935289
2014M7,166.316,173.251,124.682,121.298,122.083,112.016,139.590,120.388,114.233,128.844,149.669,108.711,148.111,152.756,226.539,221.557,203.723,108.290,1948.304,930.819,132.021,227.500,74.038,3196.033,198.591,107.230,880.604,7113.380,83.837,2048.974,2145.504,108.659,96.261,145.888,2193.239,176.488,292.697,182.295,9.400,17.430,4.011,19117.652,105.225,106.983,105.705,102.986,3820.554,1.480,752.885,128.668,112.529,428.000,91.574,6.391,930.588,322.317,17.637,451.021,813.856,463.234,18.730,26.149,1061.824,232.39,22424.01,28.40,238.55,3.52,8.75,1070.18,1078.15,2310.62,28672.17,31697.20,1310.97,20.92,871.70,1492.65,1.04,387.39,287.00,496.91,3.43,21.44,47.05,3.40,618.1473522432527
2014M8,160.831,167.281,121.266,116.588,116.709,115.165,137.520,115.655,109.344,127.569,148.720,107.120,146.774,147.630,218.061,212.788,204.162,108.145,2030.493,961.589,118.635,258.857,74.248,3270.262,214.500,105.069,848.767,7001.838,73.995,2000.092,1986.802,112.190,94.143,139.900,2236.838,177.155,289.171,176.482,10.380,16.230,3.885,18600.200,100.053,101.922,101.854,96.381,3963.788,1.452,677.862,109.198,112.790,440.381,83.913,5.933,910.314,319.861,17.637,447.822,745.844,432.985,17.725,26.537,992.546,235.78,22231.05,30.83,229.16,3.64,8.68,1029.25,1069.75,2326.99,28660.00,32341.56,1295.99,19.80,876.14,1446.33,1.02,359.29,287.00,510.76,2.83,22.02,47.87,3.35,537.720540668946
2014M9,155.528,161.897,117.243,113.768,113.723,114.299,131.649,112.869,106.783,121.529,141.533,102.189,139.554,145.286,210.907,207.608,202.378,103.491,1990.432,925.414,115.622,272.295,71.526,3221.260,212.005,105.568,819.574,6872.216,73.382,1871.814,2008.051,114.571,84.523,135.633,2117.239,183.510,277.552,163.134,10.400,15.700,3.918,18034.795,95.891,97.336,96.988,93.349,3997.121,1.458,656.983,100.532,113.523,436.500,74.589,5.491,889.004,327.591,15.873,409.104,711.735,368.850,16.544,26.691,983.046,232.95,21090.52,34.37,211.17,3.54,7.18,1000.12,1056.50,2294.59,26506.82,32350.74,1238.82,18.49,841.77,1362.36,1.06,353.86,287.00,493.64,3.37,24.20,47.67,3.08,446.9980755983758
2014M10,146.846,152.379,114.925,113.290,112.882,118.111,126.427,112.207,104.883,117.171,134.989,99.945,132.731,137.310,193.018,188.066,198.327,100.276,1946.189,922.412,104.861,266.935,68.985,3100.823,227.060,109.385,837.268,6737.478,70.343,1985.419,1833.782,114.478,81.304,133.037,2034.261,183.887,275.650,163.378,10.400,15.230,3.772,15812.370,86.129,87.270,86.716,84.400,3811.730,1.384,673.087,101.900,113.895,432.696,73.489,5.372,875.761,316.652,16.094,378.821,721.380,354.441,16.476,26.608,1044.725,256.19,19830.41,35.75,210.72,3.48,7.08,981.20,1044.01,2276.83,20692.43,31142.42,1222.49,17.19,778.26,1259.76,0.94,320.22,290.70,476.74,3.62,24.01,48.01,2.76,363.06183979841256
2014M11,139.706,144.851,112.915,111.570,111.508,112.295,125.038,110.796,105.561,114.130,132.780,96.099,130.222,136.789,178.457,170.229,206.292,99.001,2055.555,904.696,107.446,261.500,67.331,2909.090,212.926,106.806,826.530,6712.850,67.525,2204.076,1991.449,113.737,74.425,130.645,2030.183,191.141,256.132,178.709,10.160,16.410,4.110,15807.050,76.958,78.438,76.735,75.702,4065.101,1.357,662.403,86.159,113.938,419.000,74.201,5.753,859.901,337.407,13.558,423.253,721.398,379.345,15.879,24.601,1068.892,243.3376,20033.475,40.5973731884,215.9879182353,3.2839473684,7.8641,973.1721111111,1041.9703428571,2253.225,20551,30752.1375,1176.3,15.973,780.75,1208.85,0.8056666667,314.75,305.5,460,3.6277504207,22.0129935,50.1325522222,2.7426291841,366.06124055201184
2014M12,126.343,129.741,110.989,109.543,109.575,109.161,119.964,108.970,105.090,111.774,125.876,98.140,124.278,138.155,148.554,134.861,199.795,98.836,1909.460,908.600,109.843,239.587,67.162,2946.942,200.590,103.511,809.406,6446.452,68.305,2388.567,1995.104,106.818,68.674,128.112,1938.107,193.930,249.394,178.713,10.450,16.580,3.401,15962.048,60.551,62.163,60.392,59.100,4234.511,1.454,624.535,82.815,113.768,410.739,72.715,6.152,852.162,339.549,13.228,418.087,705.559,378.782,14.992,24.806,1049.032,243.3059710145,19829.7142857143,36.9482514178,234.8588366667,3.0522727273,10.3113,946.8616,1013.932875,2175.7619047619,19856.5238095238,30945.2142857143,1202.2894736842,16.24,806.652173913,1212.347826087,0.5573809524,321,305.63,460,3.4728524582,18.0495595652,51.0811227273,2.7347200542,346.3738031975453
2015M1,114.747,116.383,109.261,106.502,106.421,107.451,115.766,106.236,104.441,110.951,120.268,101.943,119.579,143.837,122.682,108.343,181.970,92.888,1814.719,911.602,110.177,232.023,64.716,2915.602,190.898,102.325,774.332,5830.536,67.350,2169.833,1951.394,102.476,69.068,123.689,1843.131,188.526,251.480,174.795,9.500,15.500,2.974,14849.190,47.452,48.417,46.335,47.604,4128.513,1.433,641.597,72.996,114.091,409.682,75.026,5.950,826.711,351.466,15.653,379.041,707.881,367.492,15.063,25.240,1004.197,269.6173333333,19454.119047619,35.8977272727,213.0214075,2.926375,9.7563,905.99792,967.0299625,2113.0476190476,20057.8571428571,30749.4761904762,1251.8452380952,17.0980952381,785.5454545455,1241.7727272727,0.4756666667,340.25,305.2,483,3.3402168884,15.9945404545,55.3371304762,2.5390162159,248.0644220071746
2015M2,118.117,120.358,106.575,103.723,103.436,107.117,112.895,103.961,105.566,107.748,115.809,99.954,115.383,139.898,134.811,126.228,175.043,99.393,1817.820,966.851,103.878,209.875,70.659,2961.935,179.940,103.743,747.448,5729.275,69.843,2028.453,2028.167,103.125,63.800,119.417,1795.663,190.099,250.886,173.759,9.290,14.690,2.848,14573.838,54.933,57.931,56.150,50.718,4169.564,1.331,634.378,61.837,113.771,409.500,82.027,5.585,835.213,336.894,15.653,374.252,697.936,364.739,14.512,24.623,960.517,296.3517333333,18233.9125,38.1875,201.7420687719,2.7778947368,9.8753,891.6436357558,946.911275,2097.7625,17274.65,29155.375,1227.1875,16.8425,786.25,1197.6,0.5732105263,321.5,305,485,3.4546963681,15.7215,56.3161957895,2.5125064495,234.06564989681246
2015M3,114.131,116.362,103.572,100.970,100.972,100.938,110.260,101.204,102.786,104.521,113.230,96.101,112.692,135.132,129.405,123.821,167.064,95.975,1773.864,1045.957,106.073,207.795,68.345,2878.029,160.022,98.068,743.426,5939.670,69.352,1897.300,2070.858,103.545,58.182,109.975,1792.470,188.570,247.322,174.294,9.290,13.050,2.801,13755.500,52.828,55.791,54.909,47.784,3933.602,1.197,607.655,61.706,114.273,400.727,78.717,5.144,816.574,321.740,15.653,364.860,683.432,359.596,12.841,24.398,957.255,307.5613333333,17421.9090909091,39.3181818182,202.6914266667,2.8073863636,10.3305,874.5761,929.4507,2028.7272727273,17496.9545454545,27568.7840909091,1178.6295454546,16.2222727273,786.3181818182,1138.6363636364,0.5447619048,300.4545454545,305,481.8181818182,3.2327354742,15.4963636364,57.3385185714,2.4487165718,269.6400579738849
2015M4,115.427,117.630,104.399,102.875,102.993,101.475,109.024,103.003,103.868,104.150,111.073,97.457,110.772,132.650,131.379,134.673,140.461,89.953,1819.188,1059.141,106.207,214.432,61.198,2868.272,164.952,98.731,742.289,6042.088,71.703,1854.615,2017.275,99.591,52.114,109.033,2005.363,188.158,249.060,172.152,7.390,11.020,2.579,12830.925,57.420,59.390,58.665,54.204,3996.583,1.157,591.788,60.983,114.973,392.409,77.126,5.118,814.230,337.295,15.653,349.711,691.673,356.926,12.911,24.387,1002.014,290.7386666667,15900.875,38.8409090909,195.931228254,2.5752380952,10.1719,884.9816625,993.7329285714,2212.725,17009.55,28827.275,1197.91,16.319,767.1818181818,1150.4545454546,0.54915,291.7272727273,307,469.5454545455,3.8546872549,15.75909,63.7618389474,2.6444947446,234.3456243521208
2015M5,119.242,121.865,105.959,102.654,102.745,101.582,113.790,103.043,105.674,107.207,117.016,97.724,116.227,143.843,138.455,144.433,134.899,95.929,1804.039,946.790,105.821,199.214,65.671,3095.994,158.173,94.353,763.780,6294.776,72.863,1728.808,2044.777,96.050,60.429,110.245,1991.776,178.580,246.503,166.350,7.370,9.040,2.838,13511.342,62.500,64.561,63.675,59.262,4305.326,1.151,601.397,77.320,115.968,382.429,83.547,5.116,842.461,331.227,15.653,340.471,716.490,351.950,12.704,24.720,1081.894,313.8066031746,15803.5921052632,35.6904761905,193.2165711667,2.380875,9.8584,990.5803625,1114.5791375,2281.802631579,17056.6842105263,30066.5789473684,1199.052631579,16.8005263158,783.0476190476,1139.8095238095,0.4712,343.9047619048,307,468.3333333333,3.5960180678,16.2633247619,72.2362331579,2.6750866114,237.4530587375346
2015M6,117.115,119.657,104.665,102.744,102.514,105.462,109.543,102.835,103.450,103.757,111.965,95.821,111.124,148.630,135.124,141.632,132.318,92.303,1687.727,929.181,100.642,195.045,63.105,3239.886,159.770,96.888,811.747,5833.011,72.352,1649.194,2008.051,94.000,61.841,108.005,1829.500,170.250,240.587,166.814,7.300,8.790,2.769,12825.227,61.303,62.346,61.759,59.805,4347.299,1.191,606.404,77.350,116.004,370.545,82.979,5.159,847.748,306.497,15.873,353.902,738.037,354.823,12.114,24.760,1102.856,355.88,15064.9431818182,36.0454545455,199.8354416667,2.5405681818,10.0274,1040.010938263,1148.1251,2082.0909090909,15272.5454545455,30650.3863636364,1181.5045454546,16.0963636364,726.7727272727,1088.7727272727,0.3898181818,364.0909090909,307,474.5454545455,3.3202972669,16.6822681818,70.6671104545,2.84119397,237.6613229784912
2015M7,110.481,112.739,101.373,102.998,102.817,105.144,101.336,102.531,99.372,96.571,102.117,91.209,101.461,137.699,123.655,126.587,130.759,90.269,1639.500,938.326,104.870,204.413,64.483,3325.960,153.292,92.708,796.461,5456.750,72.348,1556.971,2063.582,75.580,52.174,106.896,1763.043,179.259,241.269,179.609,6.680,9.320,2.830,11413.098,54.431,55.866,56.266,51.162,4487.719,1.210,575.682,75.925,115.924,387.739,74.367,5.288,848.075,301.445,15.873,394.642,695.788,372.347,11.879,24.672,1069.264,403.0323478261,15071.5326086957,36.2826086957,199.21748,2.4245454545,10.1087,959.117825,1022.1673,2000.6847826087,12642.5217391304,31579.8695652174,1130.0369565217,15.072173913,642.5652173913,1012.4347826087,0.412,315.8695652174,305,470.652173913,3.0051927964,16.2795591304,71.5821669565,2.9389017788,279.2581317573935
2015M8,103.249,104.803,98.963,100.039,99.719,103.816,99.683,99.666,97.143,95.240,100.692,89.969,99.868,130.648,109.450,105.847,133.473,87.285,1548.125,956.656,96.183,212.000,63.393,3154.018,158.776,91.937,754.409,5127.300,71.823,1552.024,2042.477,72.214,57.333,98.090,1703.600,178.650,241.700,162.741,6.660,10.160,2.763,10386.000,45.720,46.994,47.303,42.863,5045.797,1.294,484.678,75.575,115.440,375.571,64.434,5.447,849.982,307.298,15.873,370.408,628.747,347.022,10.675,24.500,980.252,387.3326984127,15163.775,36.0952380952,173.5175915873,2.263452381,8.3257,962.40845,1022.6807625,1807.6375,12984.7,29243.95,1117.475,14.9375,594.3333333333,984.0952380952,0.3744285714,286.1904761905,303,464.9047619048,2.8124509782,16.3976119048,71.9328214286,3.1710104655,250.3950329949665
2015M9,102.743,104.175,97.713,97.922,97.662,100.985,99.125,97.540,94.958,95.493,100.782,90.380,99.869,127.333,110.018,106.800,129.936,84.026,1589.602,951.783,92.500,202.409,61.765,3278.449,147.654,87.981,767.198,5217.250,68.736,1567.695,1932.508,76.190,56.977,93.529,1684.250,183.282,247.775,166.078,6.490,10.010,2.646,9937.545,46.287,47.235,46.145,45.481,4986.874,1.195,483.487,69.843,114.998,358.773,59.514,5.025,836.739,303.888,13.228,342.955,590.250,323.555,12.137,24.435,981.681,371.2146666667,15453.3409090909,37.0568181818,164.0692201587,2.3005952381,7.873,901.2530181818,966.7447777778,1720.2272727273,12363.8181818182,27714.3068181818,1124.5318181818,14.7181818182,608.5,965.3636363636,0.4546190476,273.4090909091,300,462.1818181818,3.4380371933,15.9427263636,72.542457,3.0361886902,234.65142354493523
2015M10,102.167,103.219,97.082,96.752,96.281,102.325,97.182,96.518,94.936,95.773,98.074,93.547,98.125,122.924,109.521,108.349,123.448,79.575,1516.489,933.576,94.552,184.545,57.331,3197.340,153.883,88.670,805.176,5216.091,69.027,1647.570,1821.828,74.591,53.659,92.882,1720.114,177.811,248.085,171.449,6.010,10.370,2.315,10316.830,46.957,48.124,46.552,46.196,4544.496,1.249,530.247,71.235,114.307,360.455,59.004,5.024,835.812,307.684,9.590,338.214,623.807,327.420,14.142,25.038,1059.053,391.84,15794.6136363636,37.2386363636,165.4514819048,2.2547727273,8.0573,882.4251090909,956.0590666667,1724.3409090909,10424.2272727273,27499.0454545455,1159.2454545455,15.7068181818,691.5,976.9090909091,0.4528571429,256.5909090909,300,450.8636363636,3.5128029516,15.6095454545,79.46209,2.7064047898,266.07524611639377
2015M11,96.157,97.197,92.361,93.236,92.524,101.660,91.345,93.359,94.191,88.639,90.214,87.117,89.988,118.702,101.648,101.211,114.827,82.382,1467.893,932.320,93.763,177.071,55.778,3360.840,148.937,88.631,778.373,4799.905,69.221,1753.717,1716.711,68.650,47.190,91.403,1618.345,169.536,242.903,166.092,5.870,9.400,2.076,9244.333,43.131,44.417,42.323,42.652,3910.357,1.453,503.164,57.034,113.349,358.381,55.440,5.018,828.618,315.116,10.141,320.343,614.736,319.082,14.843,25.557,1045.011,353.773968254,14745.2857142857,35.9642857143,157.8043789474,2.350875,7.6734,918.059230344,1002.4530875,1583.3095238095,10536.0476190476,24413.7023809524,1085.7023809524,14.5066666667,574.0476190476,883.5238095238,0.4309473684,246.5238095238,296,428.0952380952,3.1156267162,15.4042857143,79.6086272222,2.5241857125,348.7597547543058
2015M12,90.648,91.222,90.782,92.643,91.971,100.587,88.243,92.799,93.851,85.780,86.014,85.554,85.947,113.959,90.453,85.533,115.683,78.561,1497.202,932.320,88.669,167.109,55.866,3345.656,149.815,86.354,810.668,4638.833,70.388,1704.360,1656.915,71.682,40.883,90.682,1706.583,180.340,244.619,164.004,5.810,10.150,1.923,8707.786,36.555,37.722,34.703,37.241,3657.889,1.453,520.603,53.109,113.062,354.348,56.593,5.793,816.846,295.202,10.141,303.862,677.199,323.315,14.763,25.600,1022.144,343.4907826087,14691.6904761905,35.1630434783,163.893455,2.3990909091,7.7018,947.3305854275,1025.8673333333,1527.7857142857,11162.8571428571,23951.1785714286,1068.252631579,14.0538095238,552.2173913043,859.9130434783,0.3883636364,231.2173913043,295,408.9130434783,2.900408447,14.502173913,75.6031104762,2.5962457634,422.9679426199044
2016M1,85.394,85.110,90.832,92.686,92.578,93.968,87.712,92.840,93.882,86.330,85.259,87.366,85.056,108.180,77.528,70.151,107.300,77.446,1481.100,1011.247,83.045,159.071,53.429,2952.416,146.322,81.961,777.903,4471.788,68.750,1555.302,1800.453,73.000,42.205,87.271,1646.200,188.864,251.756,161.099,5.090,8.460,2.274,8507.288,29.918,30.803,27.247,31.705,3976.428,1.303,531.619,54.511,112.544,359.476,55.327,6.453,785.618,314.549,11.023,297.177,659.901,323.204,14.291,25.759,1020.137,319.8255238095,13808.075,34.6904761905,164.6116266667,2.0471052632,7.4812,934.4375571429,1013.36328,1520.3625,11597.75,23134.6,1097.375,14.01575,502.5238095238,854.7619047619,0.3374736842,210.2380952381,290,399.6428571429,2.9215404092,13.6895238095,71.1137935,2.542822208,412.0298671281909
2016M2,87.387,86.399,93.781,93.620,93.688,92.807,90.702,93.691,94.175,92.312,89.322,95.203,89.233,112.920,78.139,72.264,98.654,79.015,1531.262,1052.355,87.063,171.310,53.782,2916.367,148.940,81.158,778.936,4598.619,66.571,1455.941,1851.987,72.238,46.486,86.613,1765.750,180.296,259.345,159.717,4.790,7.990,1.957,8298.500,31.054,33.198,29.615,30.349,4233.439,1.307,595.901,62.944,112.107,373.190,57.041,6.144,780.113,327.402,11.023,291.368,686.904,320.129,13.314,25.478,1039.579,287.2627301587,15610.1428571429,34.0071428571,159.283795,1.90425,7.4804,959.2632150664,1017.4157571429,1709.8452380952,11686.4285714286,22275.880952381,1199.9119047619,15.0680952381,505.1904761905,920.2380952381,0.3752,245.4761904762,282,371.9047619048,2.9228328661,13.8223809524,67.273927619,2.5316730773,402.35880139984783
2016M3,93.653,92.953,97.932,97.125,97.242,95.748,96.516,96.916,95.498,97.996,96.920,99.036,96.505,115.555,87.463,86.755,90.003,81.128,1531.012,1020.898,91.587,176.196,55.435,3073.519,156.937,83.191,767.375,4953.798,65.457,1387.811,1811.516,73.080,56.539,86.119,1802.190,191.374,263.616,159.227,4.090,8.010,1.704,8717.250,37.340,39.072,35.173,37.774,4047.257,1.281,633.068,63.434,111.562,370.478,65.639,6.905,775.045,315.284,11.023,296.181,713.856,326.935,15.430,26.323,1013.921,263.7066666667,16897.5952380952,30.1065217391,164.0604716667,1.8305681818,7.2806,985.5027428571,1035.8408714286,1801.6904761905,11757.2857142857,22982.5238095238,1246.3380952381,15.4204761905,568.2173913043,967.4347826087,0.4529090909,264.2608695652,277,360,3.3046926636,13.7939130435,69.385788,2.7007315906,415.81789036002635
2016M4,96.662,96.340,99.706,99.425,99.722,95.920,99.375,99.518,100.149,99.113,99.067,99.157,98.789,110.179,92.260,93.788,86.167,80.031,1571.226,998.093,100.820,176.905,54.659,3078.494,154.202,87.605,805.605,4872.738,69.279,1428.937,1865.330,73.190,60.967,86.670,1732.274,181.791,271.700,164.465,4.020,6.680,1.903,8878.857,40.749,42.248,39.038,40.963,4024.209,1.349,680.375,64.812,111.560,376.048,78.037,7.106,780.004,322.895,10.362,327.701,748.531,353.802,14.998,27.892,1028.428,237.9855238095,17032.7142857143,27.8166666667,163.3868377778,1.9183333333,7.3603,1022.999,1087.919175,1855.3738095238,12220.2380952381,23000.5,1242.2619047619,16.2588095238,574.3333333333,994.1904761905,0.4570952381,243.9047619048,269,360,3.4932997366,13.7033333333,79.9836744444,2.7030122552,432.0779171052196
2016M5,100.537,100.498,99.946,101.008,101.280,97.792,97.250,100.984,100.825,98.326,95.829,100.739,96.256,100.467,101.393,105.650,86.763,80.388,1550.625,987.569,104.321,179.455,54.527,3098.389,155.404,91.026,798.870,4694.538,70.278,1528.422,1830.173,72.440,55.886,91.658,1707.800,179.500,273.271,169.002,3.990,6.810,1.921,8660.350,45.981,47.133,43.965,46.846,3858.021,1.446,644.565,73.991,111.981,408.818,75.918,7.265,792.049,332.295,10.692,407.498,707.032,388.512,16.684,27.263,1040.222,247.256,16706.95,27.9545454545,157.5603420635,1.8688095238,7.1913,989.5741534655,1096.7055125,1869.025,14505.1,23413.625,1259.3975,16.88875,578.1363636364,1032.8636363636,0.51805,204.0909090909,264,352.7272727273,3.0503078139,12.8713636364,88.9132131818,2.7719950572,467.510008018338
2016M6,103.146,103.248,100.887,103.189,103.351,101.272,96.635,102.870,100.713,98.436,95.014,101.744,95.353,94.220,106.415,109.862,96.981,85.189,1593.507,993.219,114.838,181.455,56.229,3122.750,165.849,92.610,788.774,4641.966,74.102,1577.250,1870.580,74.795,52.341,96.042,1712.773,174.975,282.262,179.913,4.040,7.080,2.566,8928.352,47.687,48.478,45.835,48.749,3810.278,1.655,618.453,79.053,111.860,420.682,71.697,7.671,774.718,330.677,10.692,443.415,703.604,421.229,19.337,27.610,1017.297,268.9146666667,16966.6931818182,27.3522727273,156.6950366667,2.0261363636,7.5572,1015.2950723534,1094.21021,2026.1931818182,15675.1363636364,23692.7272727273,1276.4045454546,17.1811363636,553.0909090909,984.1363636364,0.5070454545,181.5,256,347.0454545455,2.4885294346,13.3931818182,104.4167713636,2.8662526524,638.9508547893652
2016M7,102.820,102.333,103.391,103.840,103.854,103.677,101.092,103.698,102.732,104.150,100.441,107.736,101.742,88.777,101.995,103.171,100.905,94.610,1629.048,1004.670,107.387,187.738,64.418,3049.977,172.353,96.980,764.354,4864.905,81.064,1403.444,1816.097,75.600,57.310,88.975,1834.786,175.156,285.977,161.823,4.300,6.850,2.788,10262.857,44.224,45.071,42.710,44.892,3890.977,1.835,584.190,76.012,111.452,456.238,80.504,8.007,717.057,320.882,10.692,403.281,669.863,390.402,19.687,28.147,975.105,280.117968254,17826.2261904762,25.8452380952,133.710203,2.129875,6.5647,1091.629225,1138.138975,2183.25,15063.9523809524,25085.5238095238,1337.3261904762,19.9285714286,646.0476190476,1086.4761904762,0.4785,173.9047619048,228,341.4285714286,2.87391669,15.2366666667,126.072584,3.0192899077,660.7178825806881
2016M8,103.252,102.780,102.897,102.006,101.932,102.887,102.013,101.933,101.438,105.303,102.241,108.262,103.582,91.651,103.766,103.943,103.120,102.077,1639.284,1051.525,98.578,185.609,71.327,3032.488,170.342,96.677,818.880,4751.670,80.261,1427.447,1789.250,73.478,60.870,92.108,1835.523,175.667,294.027,150.215,4.250,7.420,2.791,10335.989,44.843,46.144,43.636,44.749,3982.150,1.813,664.377,65.156,111.027,414.217,74.979,7.063,714.822,322.230,10.692,364.482,711.738,370.317,20.014,28.609,981.942,275.9233623188,18427.0227272727,25.902173913,127.8999110145,1.7431521739,6.9279,1095.9336142857,1142.4911,2279.1363636364,15623.0909090909,26296.5909090909,1341.0886363636,19.6402272727,699.5652173913,1121.7391304348,0.450173913,192.1739130435,220,340,3.018254313,16.8095591304,113.2967140909,3.1296290109,581.5040082495664
2016M9,103.325,102.997,102.046,101.888,101.592,105.384,100.398,101.823,101.383,103.421,100.007,106.721,101.155,89.672,105.175,104.458,104.933,106.874,1592.364,1013.310,95.504,182.886,76.374,2881.187,178.071,101.765,848.637,4722.205,77.861,1398.285,1808.652,73.536,57.659,95.575,1947.643,188.184,292.151,148.512,3.960,7.790,2.969,10191.784,45.058,46.189,43.817,45.167,4073.872,1.985,692.407,58.715,110.378,384.000,72.782,6.665,716.621,334.217,10.692,342.247,722.611,355.902,21.352,27.953,989.050,297.972,19499.5227272727,24.875,123.2487561905,1.7020238095,6.9279,1061.79817,1147.3969375,2292.3068181818,15399,26625,1326.0295454546,19.2847727273,682.5909090909,1045.9545454546,0.4981904762,185.9090909091,215,339.7727272727,3.1803470287,16.5127204545,132.6989375,3.0792052504,605.6886279176435
2016M10,106.727,107.323,101.142,101.591,101.213,106.060,101.007,101.476,100.699,101.338,101.130,101.540,101.240,92.768,114.806,115.851,105.699,133.551,1665.905,976.388,96.696,180.762,96.240,2711.351,178.624,107.528,900.389,4731.262,78.517,1296.280,1727.294,74.643,58.952,92.449,2024.488,186.970,286.859,152.617,4.010,7.930,2.951,10259.738,49.294,49.732,48.263,49.885,3924.434,2.013,651.449,50.229,110.130,367.667,75.599,7.210,672.912,330.665,12.346,337.124,757.255,358.387,22.917,28.538,998.407,304.9297777778,20099.7619047619,21.4880952381,122.5585001667,2.0348809524,6.7496,1022.6541283092,1186.9199375,2311.5,14937.380952381,28205.6666666667,1266.5690476191,17.7371428571,648.5238095238,959.1428571429,0.5799047619,201.3333333333,216,334.5238095238,2.9707094624,14.9271428571,157.4135005556,2.7953170218,641.694434308743
2016M11,105.534,106.272,103.825,101.843,101.513,105.734,111.672,101.954,102.704,107.214,115.236,99.459,113.849,97.265,108.005,107.406,100.292,149.039,1737.114,959.945,97.885,183.136,111.428,2482.831,185.128,106.937,896.354,5450.932,78.923,1280.584,1665.031,77.250,74.136,96.109,2180.580,184.848,275.140,151.331,4.540,7.160,2.501,11128.909,45.278,46.436,43.775,45.623,3928.020,2.173,669.998,46.611,109.852,360.818,85.269,7.317,677.326,327.348,12.125,345.701,772.415,368.373,20.869,28.759,1000.485,328.6,21126.0909090909,18.5681818182,122.5497977193,2.2141666667,6.7496,1019.2400787441,1189.2832625,2566.2045454546,14852.7727272727,29258.4090909091,1235.9795454546,17.4154545455,697.4090909091,953.2727272727,0.5376,225.7272727273,215,325,3.1081267437,16.6481745455,148.137477619,2.630769394,727.0999860855014
2016M12,111.562,113.748,103.617,101.778,102.034,98.752,115.628,102.297,105.804,106.061,119.533,93.036,117.241,98.344,123.054,126.701,119.183,130.651,1727.738,959.945,95.988,173.977,93.134,2295.310,162.558,103.591,917.340,5660.350,79.503,1281.745,1743.210,75.690,79.432,96.592,2209.838,186.210,256.418,152.730,5.160,7.090,3.582,10972.275,52.614,54.066,51.763,52.014,3992.511,2.036,711.756,53.448,112.714,367.545,101.011,7.862,680.269,323.317,11.023,345.837,800.256,375.289,18.830,29.249,1012.248,336.66,21204.35,19.2159090909,122.8463255556,2.1763095238,6.5273,1007.3706270067,1206.20824,2664.8125,14876.85,31589.375,1151.4027777778,16.3785,702.1590909091,917.5,0.64085,232.1176470588,215,320.5882352941,3.1537090361,17.2359031818,140.1390552381,2.6052378994,821.5879884973452
2017M1,115.975,118.287,107.435,106.425,106.763,102.437,118.061,106.852,109.739,108.702,121.368,96.456,119.348,102.882,128.327,128.753,132.789,132.045,1791.238,974.033,100.065,176.773,91.424,2193.827,167.828,111.258,917.373,5754.560,82.331,1224.704,1820.949,75.050,80.818,95.616,2242.619,187.060,258.601,160.012,6.278,9.174,3.261,9971.464,53.629,54.893,53.435,52.560,4152.218,1.773,726.489,61.373,114.825,372.545,115.898,8.638,671.822,318.822,12.125,364.705,771.882,379.590,20.538,29.444,980.863,368.7346666667,20691.7857142857,22.1704545455,137.1457358333,2.45,7.0814,1027.9033323157,1305.6239833333,2714.7976190476,14891.8095238095,34720.380952381,1192.6166666667,16.8076190476,744.8181818182,968.4090909091,0.75905,249.7727272727,215,331.1363636364,3.7067856873,16.8281772727,99.0853671429,2.636897107,910.1490606365745
2017M2,116.514,118.509,109.954,107.001,107.545,100.576,123.831,107.583,111.521,114.135,128.723,100.031,126.470,102.968,126.004,130.134,116.408,125.783,1860.750,1040.097,103.904,184.600,85.969,2034.084,165.558,110.132,872.330,5940.913,85.155,1125.466,1806.412,76.575,88.950,97.749,2311.500,172.145,263.453,162.963,6.100,7.128,2.823,10643.300,54.355,55.494,54.171,53.402,4424.232,1.706,706.794,71.769,114.498,368.500,122.989,7.875,680.487,312.384,12.125,371.374,742.922,380.873,20.406,30.543,966.971,382.8748,19446.475,25.15,147.3614421053,2.5452631579,7.125,1029.7807178026,1365.4440875,2845.55,14899.05,43005,1234.3575,17.87425,775.55,1007.35,0.7709444444,240.25,214,364.25,3.8678553592,16.8604935,82.64821,2.560860279,1058.6319286412834
2017M3,110.998,112.398,107.317,103.499,103.901,98.753,121.685,104.049,107.773,113.141,127.214,99.536,124.885,96.979,116.321,121.938,102.447,122.371,1901.467,1075.246,102.567,190.174,86.334,2063.094,159.389,110.019,839.915,5824.630,86.783,1068.954,1882.515,77.935,87.196,100.344,2280.924,186.396,263.476,158.979,4.945,5.795,2.888,10204.663,50.906,51.968,51.164,49.585,4434.147,1.757,663.300,68.394,124.664,367.783,107.352,7.200,672.476,294.230,12.125,356.885,723.403,366.095,18.060,29.952,936.781,356.1028405797,19875.1956521739,24.6413043478,146.4314994203,2.5202173913,6.8573,1059.6526152965,1454.82935,2776.8804347826,14899.4782608696,52765.2173913044,1231.0934782609,17.587826087,776.3043478261,962.2608695652,0.6192173913,209.1304347826,214,375,3.3690920564,15.8147821739,81.8119840909,2.6417959935,1133.4578522579295
2017M4,111.100,112.199,105.351,102.690,103.252,96.045,114.313,103.351,107.825,109.434,116.892,102.224,115.943,92.818,119.417,124.520,105.356,124.292,1921.222,1063.536,103.346,192.875,90.111,1961.157,155.901,106.248,823.029,5683.903,87.036,1094.728,1847.961,75.425,70.400,107.798,2220.611,185.117,270.343,156.540,5.035,5.710,3.082,9609.278,52.226,53.064,52.448,51.168,4389.013,1.606,623.208,59.613,130.696,374.500,101.249,7.443,688.444,316.336,12.125,342.633,695.302,347.861,16.317,28.702,939.952,362.0965333333,19910.3194444444,23.25,138.4075907018,2.2159210526,6.7949,988.38642,1400.9328,2614.9166666667,14896.4444444444,55305.5555555556,1265.6277777778,18.0583333333,800.6,961.4,0.6513684211,192.25,214,367.5,3.8113076052,15.257,87.61166,2.7114731248,1215.2342157364133
2017M5,108.883,109.918,104.697,104.495,105.380,94.040,110.609,104.941,107.952,105.833,111.665,100.194,110.765,86.750,114.937,117.836,106.221,113.435,1913.024,1083.053,104.451,200.413,80.118,1983.485,151.179,101.471,833.628,5599.560,88.638,1120.355,1814.877,69.364,61.630,114.093,2125.107,190.126,265.284,158.600,5.068,5.719,3.125,9155.119,49.912,50.871,50.304,48.560,4635.179,1.441,655.511,68.251,144.708,402.913,98.607,8.022,704.522,317.532,12.125,341.035,714.066,350.180,15.689,28.420,949.833,371.4824347826,20200.3333333333,21.6413043478,146.4402133333,2.4373863636,7.229,1022.2474128608,1433.4652666667,2590.2142857143,16544.8095238095,54941.9404761905,1245.0047619048,16.7647619048,793.2608695652,931.7826086957,0.6409047619,170.6086956522,209,356.0869565217,3.5534364879,15.542173913,86.6140836364,2.8787333573,1884.7944288606643
2017M6,105.674,106.208,103.897,103.817,104.626,94.259,107.980,103.744,103.249,105.672,109.860,101.622,109.486,85.506,108.244,108.209,102.248,121.714,1885.286,1098.066,105.873,206.159,85.673,1998.245,144.099,104.827,830.438,5719.761,84.764,1092.070,1878.046,67.591,57.864,113.986,2132.932,189.996,268.393,157.974,4.984,5.524,2.941,8931.761,46.133,46.895,46.337,45.168,4632.070,1.366,621.182,82.054,147.412,444.682,79.768,8.103,697.437,329.877,12.125,330.383,704.827,339.729,13.530,27.809,936.241,381.2173333333,19658.8409090909,19.75,157.2461916667,2.5747727273,7.4859,1065.8205874468,1403.8277222222,2573.3977272727,16594.9090909091,57449.4545454545,1260.2568181818,16.9459090909,864.6363636364,930.7272727273,0.5925,166.6363636364,209,350.4545454545,2.9084024317,16.2754490909,81.7190285714,3.0110519292,2629.4433744449784
2017M7,108.448,109.513,105.965,105.922,106.740,96.255,113.036,105.494,102.592,108.234,117.187,99.577,115.676,87.445,112.039,110.834,103.834,128.169,1902.964,1098.066,110.812,205.452,90.774,1988.578,151.690,107.621,866.076,5985.119,84.088,1082.397,1894.778,64.675,66.738,107.673,2269.857,180.003,264.624,157.611,5.098,5.632,2.958,9491.393,47.665,48.690,47.631,46.674,4685.995,1.313,617.158,88.065,138.828,419.952,79.353,8.040,707.846,328.821,11.684,357.237,738.724,365.453,14.119,26.731,951.946,371.3977142857,20223.4761904762,20.3642857143,174.5324166667,2.906875,7.3777,1089.9653,1406.3609,2787.1904761905,15667.4761904762,58548.9047619048,1236.2214285714,16.1438095238,856,918.380952381,0.6629411765,176.5238095238,211,344,3.0653870641,15.5761904762,81.3199585714,3.2776061685,2499.759918292243
2017M8,111.279,112.247,106.434,101.305,101.745,96.106,120.119,101.493,102.767,115.072,127.016,103.526,125.059,92.807,118.288,114.853,108.324,140.985,2030.011,1098.066,103.238,189.043,102.772,1988.559,154.592,106.356,874.811,6485.625,79.341,1125.887,1952.253,62.109,74.587,104.259,2348.466,193.982,270.958,148.543,5.537,6.131,2.876,10889.977,49.943,51.370,50.427,48.032,4661.514,1.355,621.819,78.575,124.843,405.652,83.102,7.457,706.593,321.098,11.684,329.591,746.638,345.411,13.796,25.073,967.846,362.6658550725,20521,20.4065217391,139.0508150725,2.5682608696,7.3777,1176.2694333333,1470.5977,2980.7272727273,15638.3181818182,58465.1363636364,1282.3159090909,16.9090909091,913,972.4782608696,0.7598095238,200.347826087,216,338.2173913043,2.8533723294,16.3926043478,88.4169961905,3.4359358467,3837.652213530717
2017M9,114.542,115.584,106.464,100.192,100.756,93.526,119.493,100.536,102.863,115.919,126.103,106.074,124.475,100.951,126.227,120.900,117.562,146.058,2096.488,1098.066,99.284,188.690,104.775,1998.296,149.715,101.329,890.773,6577.167,80.605,1220.011,2034.655,60.550,69.238,110.779,2374.393,192.502,268.930,147.316,6.033,7.084,2.963,11215.786,52.910,55.163,53.862,49.706,4614.202,1.493,661.632,58.945,119.487,413.143,83.658,7.025,725.290,312.610,11.684,336.436,755.656,353.860,13.931,26.950,971.817,361.524952381,20796.619047619,20.4285714286,138.4133923333,2.404,7.7009,1154.7683611573,1429.7214125,3116.8571428571,15635.8571428571,60128.5,1314.9785714286,17.4485714286,934.9047619048,966.1428571429,0.88645,238.0952380952,215.5,338.9047619048,2.990967986,16.2938047619,93.9557895238,3.3101621979,4117.061839397661
2017M10,116.081,117.617,105.905,101.006,101.631,93.621,117.539,100.966,100.698,113.607,124.234,103.334,122.591,103.416,130.799,126.426,122.854,144.499,2131.489,1087.393,93.776,189.477,103.250,2097.053,143.122,102.545,898.620,6807.602,78.605,1209.829,2167.922,60.295,61.045,117.560,2498.216,194.573,263.620,148.722,5.891,8.793,2.867,11335.773,54.922,57.618,55.584,51.565,4601.245,1.554,648.162,59.118,114.255,407.227,73.612,6.969,719.450,325.167,11.684,347.418,740.742,358.276,14.232,27.086,945.247,362.4106666667,20376.0909090909,20.2340909091,133.3445160317,2.6095454545,7.7557,1135.2543555556,1463.647,3264.6022727273,15635.2727272727,59905.8636363636,1279.5136363636,16.9372727273,959.3636363636,921,0.9394545455,247.5,215.5,345.2272727273,3.3317412425,16.6690827273,82.841901,3.0521545648,5277.76952093122
2017M11,120.826,122.875,106.491,101.338,102.207,91.059,118.953,101.397,101.797,114.586,125.773,103.770,124.181,102.113,141.562,138.154,134.513,144.248,2097.441,1084.254,98.273,190.136,102.487,2127.902,144.240,95.112,938.897,6826.545,80.411,1226.246,2067.344,61.476,63.409,117.683,2461.432,208.006,263.850,148.792,6.739,9.571,2.993,11972.000,59.956,62.575,60.583,56.710,4566.471,1.625,635.564,62.859,115.695,404.045,70.266,6.244,720.490,334.572,11.684,349.905,758.620,361.409,14.967,27.286,948.522,344.9975757576,19557.5227272727,22.3454545455,138.0459556667,2.615,7.602,1149.6962826598,1517.89529,3229.3068181818,15638.3181818182,62118.0454545455,1282.2840909091,17.005,999.7954545455,934,0.983,233.4090909091,215.5,370.6818181818,3.4935851576,16.5954477273,77.3896104545,3.1239566939,7751.11303379982
2017M12,122.488,124.915,106.984,100.965,102.161,86.820,122.451,101.377,104.163,115.623,129.720,101.994,127.419,105.396,144.914,140.336,140.637,149.266,2080.474,1090.831,94.327,184.333,105.969,1917.776,141.833,92.093,877.510,6833.895,85.424,1344.620,2225.145,63.650,71.738,114.773,2509.921,208.584,263.620,149.087,7.214,10.709,2.797,11495.105,61.209,64.212,61.452,57.962,4560.827,1.462,592.798,60.544,117.420,407.952,73.634,6.315,730.460,327.303,11.684,355.760,730.567,357.153,14.433,26.903,940.367,320.9121577786,19476.3684210526,20.6007396122,147.1032695,2.398,7.9226,1170.754,1559.024825,3195.9473684211,15637,72632.052631579,1261.2558823529,16.1607894737,1021.8095238095,906.8571428571,0.9536470588,244.0625,215.5,385,3.8185355076,15.4666666667,69.7697295,3.1580969764,14994.595463671192
2018M1,129.772,132.384,111.548,104.393,105.773,88.083,128.618,105.085,109.771,121.765,136.109,107.898,133.967,106.612,156.132,149.218,155.086,155.444,2209.727,1116.803,100.250,188.043,111.933,1951.826,144.154,93.030,842.578,7065.852,91.057,1449.607,2130.380,66.048,75.783,121.897,2584.091,224.087,268.297,155.917,6.648,11.670,3.880,12864.875,66.154,68.987,65.918,63.557,4795.523,1.429,633.348,68.198,126.697,422.304,76.824,7.188,751.937,344.718,12.150,359.301,726.664,356.869,13.980,26.587,935.475,326.4423646487,20696.9090909091,19.3308544661,156.388044127,2.5694047619,8.0948,1305.4525979203,1694.038,3441.5227272727,15635.5454545455,77293.5227272727,1331.6659090909,17.1684090909,1092.7826086957,987.8913043478,0.9445714286,246.5217391304,215.5,395,4.1109713104,14.0447826087,64.6477245455,3.1268296937,13064.965330095652
2018M2,126.949,129.244,112.231,105.254,106.540,90.055,129.529,105.911,110.353,122.037,137.151,107.425,134.468,109.633,148.239,141.805,142.648,152.573,2181.788,1267.127,106.774,194.825,111.477,2122.799,142.927,92.881,822.213,7006.525,88.268,1490.600,2061.020,66.368,77.650,124.222,2581.063,240.697,275.803,163.461,7.835,10.471,2.672,13595.875,63.438,65.422,62.742,62.150,4781.012,1.470,642.944,69.577,122.390,417.850,78.409,7.276,762.183,337.229,12.780,397.395,709.377,371.232,13.573,25.668,951.961,346.5136239782,21651.55,18.0015210555,172.2891191228,2.6623684211,8.4986,1416.2415717646,1683.87475,3532.9,15630.4,80792.6,1331.525,16.65925,1022.45,988.25,0.8297058824,256.7,215.5,407,3.6711346367,13.536,63.5926184211,3.0979009891,9447.0408907186
2018M3,126.525,128.834,111.698,106.476,107.672,92.349,125.910,107.006,110.591,119.083,131.999,106.596,129.570,108.501,147.972,143.344,139.087,146.085,2069.238,1173.405,108.988,193.909,105.728,2503.951,140.202,92.078,795.606,6799.179,92.136,1490.562,2132.347,65.500,71.318,124.540,2390.000,229.023,280.718,172.077,8.512,8.461,2.692,13392.500,64.198,66.445,63.287,62.861,4394.371,1.387,624.309,61.415,135.775,409.773,78.167,8.513,761.365,336.610,12.780,413.535,702.234,381.894,12.826,24.728,946.611,331.2697547684,21211.9404761905,17.9723817337,180.918815873,2.4571428571,8.2193,1405.2652341643,1608.184,3269.1785714286,19504.619047619,87614.9047619048,1324.6571428571,16.4704761905,986.5454545455,953.7272727273,0.7838125,249.3636363636,215.5,413.6363636364,3.6157469469,14.2072727273,58.4551384211,3.2098977998,9084.044755671564
2018M4,128.487,130.927,111.718,106.205,107.336,92.838,126.688,106.654,109.692,120.086,133.443,107.172,130.731,103.542,152.743,153.865,124.489,144.060,2254.688,1158.577,112.208,190.810,99.223,2624.735,140.369,91.878,791.392,6851.513,92.238,1478.931,2118.857,63.857,66.333,125.284,2352.413,216.620,276.700,175.601,7.060,7.475,2.762,13938.100,68.792,71.628,68.429,66.320,4135.674,1.434,618.001,53.973,146.529,432.381,77.742,8.875,767.033,331.207,12.780,419.739,691.117,381.268,11.824,24.813,957.950,312.4180615025,21291.1,17.2427796659,180.3764093651,2.3080952381,8.0998,1428.2197571429,1599.16045,3188.05,24875.25,90782.5,1334.74,16.6085,970.5238095238,924.0952380952,0.8119473684,227.25,215.5,411,3.5279335009,14.4433333333,57.2952185714,3.2258843998,7998.954998529154
2018M5,133.294,136.564,112.355,108.147,109.431,92.972,127.106,108.394,110.071,119.119,133.876,104.851,131.036,103.355,163.580,167.078,132.982,157.779,2299.667,1147.310,117.174,188.000,109.375,2659.613,141.679,92.394,808.140,6825.274,94.479,1344.988,2160.208,62.284,66.630,120.025,2360.929,209.284,271.378,179.179,7.464,8.613,2.784,14366.488,73.341,76.647,73.483,69.893,3655.725,1.663,606.022,63.421,158.222,433.217,76.124,8.999,734.551,348.302,12.780,423.844,683.442,374.848,11.827,24.595,938.999,293.2837341547,20858.8333333333,18.1799942933,192.70383,2.3645454545,8.0998,1545.81988,1648.87601,3059.8690476191,24876.2380952381,90250,1303.0261904762,16.4683333333,979.0869565217,904.3043478261,0.9152380952,227.3684210526,215.5,407.8947368421,3.478545081,15.1991304348,55.4918772727,3.2801045898,8446.344631281056
2018M6,132.167,135.505,110.208,103.755,104.999,89.052,127.915,104.630,110.548,118.797,134.818,103.308,131.845,108.700,163.929,165.240,143.584,167.863,2237.619,1161.208,103.490,185.548,121.524,2410.759,139.833,89.381,818.629,6965.857,97.707,1307.021,2180.513,59.548,66.857,118.336,2436.286,218.349,270.589,165.140,7.510,10.438,2.939,15105.655,71.994,75.191,73.269,67.523,3576.387,1.592,582.898,77.394,159.948,413.143,70.048,7.890,724.305,356.301,12.780,381.342,657.439,339.958,12.062,25.619,911.633,286.8490982224,20660.5238095238,19.0842415719,193.0792198413,2.4077380952,7.3483,1689.8039823444,1739.6612,3088.5714285714,24882.3333333333,81188.0952380952,1281.5666666667,16.5233333333,985.0476190476,884.9047619048,0.8815238095,250,215.5,414.5238095238,2.6853473438,15.329047619,54.46103,3.4442498541,6795.367838912719
2018M7,130.417,133.947,106.319,100.845,102.045,86.654,121.345,101.846,108.618,112.764,126.404,99.577,123.721,110.383,165.273,167.918,140.461,172.735,2082.239,1138.247,99.012,182.864,125.086,2357.048,133.035,87.762,842.596,6250.750,96.180,1294.909,1992.240,56.405,67.045,117.233,2207.023,224.711,267.021,156.554,7.622,9.972,2.798,13793.864,72.718,74.438,72.724,70.991,3676.752,1.676,538.208,74.874,146.973,378.682,66.198,6.983,717.765,353.217,12.780,365.133,624.159,312.562,11.155,25.544,932.147,285.7243002229,19729.7954545455,19.3691892261,196.8060774603,2.4227380952,6.69225,1670.6404,1689.09485,2656.125,24884.3636363636,70647.7272727273,1238.525,15.71,931.1363636364,832.1136363636,0.9383333333,253.6363636364,215.5,427.6363636364,2.8315353474,14.3495454545,61.4050390909,3.6037722603,7100.269802976994
2018M8,128.197,131.814,103.499,97.125,98.382,82.270,119.260,98.265,105.979,110.312,124.539,96.557,121.701,116.959,163.922,165.282,149.060,164.694,2051.511,1110.677,98.870,179.978,123.735,2171.611,128.549,83.688,852.797,6051.045,94.552,1266.345,2137.102,55.630,68.022,109.734,2053.534,198.345,268.103,162.522,8.101,10.590,2.959,13411.352,71.059,73.129,72.058,67.989,3552.946,1.594,534.353,51.516,116.528,383.435,66.592,6.662,701.797,337.500,12.780,356.138,623.054,316.659,10.455,25.659,889.139,273.3015045611,19228.7727272727,21.5462602989,211.2920588406,2.5393478261,7.5152173913,1631.1429478484,1740.1303222222,2512,24895.3181818182,63302.2954545455,1201.2454545455,15.005,918.6086956522,804.5869565217,0.9745652174,281.0869565217,215.5,437.0434782609,2.5829571369,15.1573904348,62.2246433333,3.7115465165,6687.17880204
2018M9,132.630,136.774,103.970,98.152,99.601,81.029,118.496,99.008,104.797,109.991,123.941,96.504,121.300,121.937,174.088,174.660,162.716,163.477,2026.463,1115.331,95.433,176.125,122.229,2194.886,124.387,80.407,841.174,6050.763,90.355,1284.140,2143.634,55.306,68.800,105.777,2022.913,193.307,265.853,154.945,9.525,11.091,2.998,12510.350,75.355,78.860,77.020,70.186,3610.162,1.520,524.853,52.123,111.770,383.000,64.948,7.344,711.443,342.362,12.780,340.173,616.214,306.433,10.784,25.397,857.545,287.1307901907,18967.125,22.4228021602,191.1444217544,2.4432894737,7.4192105263,1598.0866125,1747.123625,2434.675,24892.75,62210.325,1198.4725,14.263,1012.95,803.975,1.0568947368,303.5,215.5,439,3.2173387846,16.206493,58.5121316667,3.6122467943,6593.861372486323
2018M10,133.644,137.748,105.902,100.256,101.450,86.152,120.275,100.625,103.123,112.402,127.093,98.198,124.564,123.876,173.771,179.056,154.846,158.980,2029.859,1125.691,102.900,168.370,114.762,2134.199,140.576,88.330,870.238,6219.587,86.800,1279.652,2025.772,54.500,72.022,106.874,1987.554,193.307,263.850,160.366,8.607,10.036,3.288,12314.913,76.726,80.470,78.957,70.751,3491.816,1.417,506.856,64.291,112.258,392.043,64.432,7.094,709.209,342.362,12.780,344.180,637.509,315.852,13.185,25.201,855.724,284.1037791731,19121.4782608696,22.7546634804,188.4616066667,2.8751086957,7.2127,1528.7933387333,1652.3417375,2673.6739130435,24883.9565217391,60626.7826086957,1215.3934782609,14.5836956522,1083.7391304348,829.8695652174,0.9593913043,314.0869565217,215.5,433.9130434783,3.7277496403,15.6386947826,58.7465914286,3.0705779712,6460.393204432915
2018M11,122.093,124.840,103.258,96.052,96.885,86.202,118.519,96.759,101.543,111.819,125.266,98.819,123.150,118.757,149.336,146.292,161.985,147.779,1938.511,1125.691,105.398,171.023,107.553,2185.034,142.115,86.744,850.794,6195.920,86.775,1267.847,1851.694,50.905,72.295,109.023,1937.114,193.307,262.709,160.878,8.211,9.777,4.135,11239.716,62.380,65.174,65.399,56.568,3591.267,1.380,444.080,57.036,116.626,390.818,61.015,6.694,702.778,342.362,12.780,338.756,610.480,322.282,12.792,25.042,818.068,278.236809512,19064.8636363636,23.933722997,181.5523908772,2.8805952381,7.149,1501.8836884161,1564.9600111111,2595.6931818182,24884.8181818182,54962.9318181818,1220.9454545455,14.3668181818,1141.2045454546,846.1363636364,0.7463,291.6363636364,215.5,430,3.0570652174,14.5377272727,64.1732573684,3.0230978261,5429.6476093894125
2018M12,116.082,117.905,104.145,98.318,99.681,82.210,116.539,98.743,101.617,111.584,122.471,101.058,120.977,113.173,133.349,126.077,153.359,150.027,1920.382,1132.926,101.920,183.190,106.144,2208.408,130.721,81.188,819.410,6075.316,85.997,1246.579,1646.773,44.600,68.905,105.482,1972.316,193.307,265.426,167.490,7.884,8.952,3.954,10835.079,53.792,56.464,56.276,48.635,3679.111,1.358,462.439,52.226,121.933,380.333,64.439,6.773,690.951,342.362,12.780,340.212,621.879,330.482,12.554,25.227,814.422,273.8479304528,19259.5789473684,23.7912939308,188.5358362963,2.809375,7.4317,1508.861036158,1602.8338166667,2616.2894736842,24886.6315789474,55263.1578947368,1247.9235294118,14.6952631579,1246.8571428571,790.9047619048,0.6846111111,268.3333333333,215.5,422,3.8295342829,13.8647619048,64.8976565,3.0293330895,3705.974894668089
2019M1,117.248,118.806,106.149,99.986,101.407,83.191,118.254,100.379,103.040,114.408,124.301,104.843,123.246,112.041,133.302,131.423,133.177,145.338,1853.716,1139.503,102.459,185.957,105.401,2263.335,132.619,81.774,839.941,5939.102,82.355,1266.925,1707.329,42.545,75.200,106.216,1997.136,193.307,273.246,166.846,7.165,8.286,3.080,11523.091,56.434,59.273,58.673,51.357,3533.608,1.203,519.153,54.803,133.153,383.739,71.894,7.475,702.069,342.362,12.780,344.729,636.925,333.777,12.681,25.565,827.531,270.7691031868,20457.75,23.7490785985,188.8449496825,2.884047619,7.3873,1554.1314663259,1645.678,2569.7045454546,24881.3636363636,40704.5454545455,1291.7454545455,15.5902272727,1328.347826087,806.2173913043,0.666047619,263.4782608696,215.5,420.7826086957,3.7751004016,14.0317391304,62.30124,2.9833620195,3689.4238010593044
2019M2,119.362,120.903,107.826,99.017,100.285,84.032,125.372,99.610,103.624,120.508,134.016,107.448,132.445,105.238,136.049,142.528,111.269,135.115,1862.988,1149.171,106.892,188.600,101.357,2255.805,134.479,82.585,818.466,6300.488,81.150,1271.361,1955.393,42.553,87.590,106.591,2062.788,193.307,269.706,169.656,5.983,6.501,2.716,12685.225,61.102,64.134,64.186,54.986,3466.163,1.187,522.288,52.640,121.030,390.550,73.901,6.730,708.773,342.362,12.780,338.044,666.364,334.503,12.929,25.766,847.220,279.3950953678,21263.95,23.6945925622,177.9167017544,2.7678947368,7.7424,1617.8001400515,1689.741175,2707.1875,24883.95,32100,1320.065,15.80625,1446.6315789474,817.9473684211,0.6734210526,239.85,215.5,396,3.7751004016,14.105,60.887213,2.9833620195,3679.3162205416643
