Time,"All Commodity Price Index, 2016 = 100, includes both Fuel and Non-Fuel Price Indices","Commodities for Index: All, excluding Gold, 2016 = 100","Non-Fuel Price Index, 2016 = 100, includes Precious Metal, Food and Beverages and Industrial Inputs Price Indices","Food and Beverage Price Index, 2016 = 100, includes Food and Beverage Price Indices","Food Price Index, 2016 = 100, includes Cereal, Vegetable Oils, Meat, Seafood, Sugar, and Other Food (Apple (non-citrus fruit), Bananas, Chana (legumes), Fishmeal, Groundnuts, Milk (dairy), Tomato (veg)) Price Indices","Beverage Price Index, 2016 = 100, includes Coffee, Tea, and Cocoa","Industrial Inputs Price Index, 2016 = 100, includes Agricultural Raw Materials and Base Metals Price Indices","Agriculture Price Index, 2016 = 100, includes Food and Beverages and Agriculture Raw Materials Price Indices","Agricultural Raw Materials Index, 2016 = 100, includes Timber, Cotton, Wool, Rubber, and Hides Price Indices","All Metals Index, 2016 = 100: includes Metal Price Index (Base Metals) and Precious Metals Index","Base Metals Price Index, 2016 = 100, includes Aluminum, Cobalt, Copper, Iron Ore, Lead, Molybdenum, Nickel, Tin, Uranium and Zinc Price Indices","Precious Metals Price Index, 2016 = 100, includes Gold, Silver, Palladium and Platinum Price Indices","All Metals EX GOLD Index, 2016 = 100: includes Metal Price Index (Base Metals) and ONLY Silver, Palladium, Platinum ","Fertilizer Index, 2016 = 100, includes DAP, Potash, UREA","Fuel (Energy) Index, 2016 = 100, includes Crude oil (petroleum), Natural Gas, Coal Price and Propane Indices","Crude Oil (petroleum), Price index, 2016 = 100, simple average of three spot prices; Dated Brent, West Texas Intermediate, and the Dubai Fateh","Natural Gas Price Index, 2016 = 100, includes European, Japanese, and American Natural Gas Price Indices","Coal Price Index, 2016 = 100, includes Australian and South African Coal","Aluminum, 99.5% minimum purity, LME spot price, CIF UK ports, US$ per metric ton","Bananas, Central American and Ecuador, FOB U.S. Ports, US$ per metric ton","Barley, Canadian no.1 Western Barley, spot price, US$ per metric ton","Beef, Australian and New Zealand 85% lean fores, CIF U.S. import price, US cents per pound","Coal, Australian thermal coal, 12,000- btu/pound, less than 1% sulfur, 14% ash, FOB Newcastle/Port Kembla, US$ per metric ton","Cocoa beans, International Cocoa Organization cash price, CIF US and European ports, US$ per metric ton","Coffee, Other Mild Arabicas, International Coffee Organization New York cash price, ex-dock New York, US cents per pound","Coffee, Robusta, International Coffee Organization New York cash price, ex-dock New York, US cents per pound","Rapeseed oil, crude, fob Rotterdam, US$ per metric ton","Copper, grade A cathode, LME spot price, CIF European ports, US$ per metric ton","Cotton, Cotton Outlook 'A Index', Middling 1-3/32 inch staple, CIF Liverpool, US cents per pound","Fishmeal, Peru Fish meal/pellets 65% protein, CIF, US$ per metric ton","Groundnuts (peanuts), 40/50 (40 to 50 count per ounce), cif Argentina, US$ per metric ton","Hides, Heavy native steers, over 53 pounds, wholesale dealer's price, US, Chicago, fob Shipping Point, US cents per pound","China import Iron Ore Fines 62% FE spot (CFR Tianjin port), US dollars per metric ton","Lamb, frozen carcass Smithfield London, US cents per pound","Lead, 99.97% pure, LME spot price, CIF European Ports, US$ per metric ton","Soft Logs, Average Export price from the U.S. for Douglas Fir, US$ per cubic meter","Hard Logs, Best quality Malaysian meranti, import price Japan, US$ per cubic meter","Maize (corn), U.S. No.2 Yellow, FOB Gulf of Mexico, U.S. price, US$ per metric ton","Natural Gas, Russian Natural Gas border price in Germany, US$ per Million Metric British Thermal Unit","Natural Gas, Indonesian Liquefied Natural Gas in Japan, US$ per Million Metric British Thermal Unit","Natural Gas, Natural Gas spot price at the Henry Hub terminal in Louisiana, US$ per Million Metric British Thermal Unit","Nickel, melting grade, LME spot price, CIF European ports, US$ per metric ton","Crude Oil (petroleum), Price index, 2016 = 100, simple average of three spot prices; Dated Brent, West Texas Intermediate, and the Dubai Fateh.1","Crude Oil (petroleum),  Dated Brent, light blend 38 API, fob U.K., US$ per barrel","Crude Oil (petroleum), Dubai Fateh Fateh 32 API, US$ per barrel","Crude Oil (petroleum), West Texas Intermediate 40 API, Midland Texas, US$ per barrel","Olive Oil, extra virgin less than 1% free fatty acid, ex-tanker price U.K., US$ per metric ton","Generic 1st 'JO' Future, USD/lb","Palm oil, Malaysia Palm Oil Futures (first contract forward) 4-5 percent FFA, US$ per metric ton","Swine (pork), 51-52% lean Hogs, U.S. price, US cents per pound.","Poultry (chicken), Whole bird spot price, Ready-to-cook, whole, iced, Georgia docks, US cents per pound","Rice, 5 percent broken milled white rice, Thailand nominal price quote, US$ per metric ton","Rubber, Singapore Commodity Exchange, No. 3 Rubber Smoked Sheets, 1st contract, US cents per pound","Fish (salmon), Farm Bred Norwegian Salmon, export price, US$ per kilogram","Hard Sawnwood, Dark Red Meranti, select and better quality, C&F U.K port, US$ per cubic meter","Soft Sawnwood, average export price of Douglas Fir, U.S. Price, US$ per cubic meter",Thailand Whiteleg Shrimp 70 Shrimps/Kg Spot Price,"Soybean Meal, Chicago Soybean Meal Futures (first contract forward) Minimum 48 percent protein, US$ per metric ton","Soybean Oil, Chicago Soybean Oil Futures (first contract forward) exchange approved grades, US$ per metric ton","Soybeans, U.S. soybeans, Chicago Soybean futures contract (first contract forward) No. 2 yellow and par, US$ per metric ton","Sugar, Free Market, Coffee Sugar and Cocoa Exchange (CSCE) contract no.11 nearest future position, US cents per pound","Sugar, U.S. import price, contract no.14 nearest futures position, US cents per pound (Footnote: No. 14 revised to No. 16)","Sunflower oil, Sunflower Oil, US export price from Gulf of Mexico, US$ per metric ton","Tea, Mombasa, Kenya, Auction Price, US cents per kilogram, From July 1998,Kenya auctions, Best Pekoe Fannings. Prior, London auctions, c.i.f. U.K. warehouses","Tin, standard grade, LME spot price, US$ per metric ton","Uranium, NUEXCO, Restricted Price, Nuexco exchange spot, US$ per pound","Wheat, No.1 Hard Red Winter, ordinary protein, Kansas City, US$ per metric ton","Generic 1st 'O ' Future, USD/bushel","Sorghum; U.S., Number 2 yellow, fob Gulf of Mexico, US cents per pound","Wool, coarse, 23 micron, Australian Wool Exchange spot quote, US cents per kilogram","Wool, fine, 19 micron, Australian Wool Exchange spot quote, US cents per kilogram","Zinc, high grade 98% pure, US$ per metric ton","Molybdenum, 57 to 63% purity contained in roasted molybdenum concentrate, LME spot price, USD/ton","Cobalt, U.S. cathodes, spot","Gold, Fixing Committee of the London Bullion Market Association, London 3 PM fixed price, US$ per troy ounce","Silver, London Bullion Market Association, USD/troy ounce","Palladium, LME spot price, USD/ troy ounce","Platinum, LME spot price, USD/troy ounce",North American Spot LPG Propane Price/Mont Belvieu LST,"US Gulf NOLA Urea Granular Spot Price, USD/ST","Potassium Chloride (Muriate of Potash) Standard Grade: FOB Vancouver Spot Price, USD/metric tonne","US Gulf NOLA DAP Export Spot Price per MT, USD/metric tonne","Monthly average consumer prices in metropolitan France - Tomatoes (1 Kg), EUR","USDA Class 3 (formerly known as Basic Formula) Milk Spot Price, USD/cwt","MCX India Chana Spot, INR/100 Kgs","Monthly average consumer prices in metropolitan France - Apples (1 Kg), EUR",Average Bitcoin Price in USD
2014-03-31,170.24599999999998,177.398,129.124,128.514,129.6,115.682,140.42700000000002,127.601,121.42,128.593,147.982,109.848,146.03,163.017,229.72799999999998,218.15400000000002,226.90900000000002,114.785,1705.3670000000002,966.8510000000001,145.984,197.762,79.753,3041.667,216.06,111.904,1014.26,6650.036,96.948,1729.285,2376.985,110.976,111.833,135.10399999999998,2053.083,187.305,290.923,222.393,10.69,17.81,4.879,15678.095,104.04299999999999,107.406,104.15,100.573,3586.633,1.528,860.5189999999999,113.213,105.234,434.14300000000003,103.478,7.434,905.7360000000001,354.534,17.195999999999998,506.691,928.544,522.001,17.887999999999998,23.011999999999997,1152.085,237.73,23024.31,34.7,275.61,4.66,9.13,1022.65,1077.57,2007.9,22452.38,30699.43,1336.08,20.74,773.07,1451.62,1.07,421.19,309.5,500.0,4.37,23.12,52.73,3.27,549.9335317278835
2014-04-30,171.52900000000002,179.162,130.533,131.34,132.554,116.99600000000001,143.17700000000002,129.69899999999998,118.596,129.535,152.94799999999998,106.9,150.136,157.526,230.829,219.945,223.768,114.57700000000001,1810.675,945.505,148.665,191.227,78.521,3050.6079999999997,226.985,110.679,1008.3489999999999,6673.563,94.20299999999999,1763.826,2256.203,112.09100000000001,114.581,140.379,2087.0879999999997,182.625,290.328,222.43,10.79,17.67,4.6339999999999995,17373.6,104.944,107.875,104.777,102.179,3565.6240000000003,1.601,825.325,120.335,107.09100000000001,409.941,99.579,7.559,912.4939999999999,333.983,18.078,533.634,934.097,547.188,18.215,24.65,1125.099,223.41,23405.2,32.74,276.38,4.11,9.65,1006.05,1088.02,2027.21,26650.0,29771.85,1299.0,19.71,793.11,1432.0,1.1,410.0,287.0,495.23,4.77,24.03,50.72,3.36,463.0340150132594
2014-05-31,169.24900000000002,176.729,126.34,126.09100000000001,127.146,113.62700000000001,139.708,124.88799999999999,116.751,127.149,148.833,106.185,146.564,142.95600000000002,231.317,221.71200000000002,221.733,115.13799999999999,1751.05,915.997,159.628,194.545,78.835,3029.9959999999996,215.238,108.352,948.9989999999999,6891.125,92.713,1820.156,2217.553,109.095,100.56,145.285,2097.325,175.071,292.495,216.975,10.64,17.68,4.564,19401.075,105.73100000000001,109.676,105.515,102.00299999999999,3553.717,1.578,800.2869999999999,110.469,108.689,403.591,94.01799999999999,7.072,918.053,331.2,17.637,542.778,893.5319999999999,546.033,18.24,25.159000000000002,1127.282,219.52,23271.25,28.54,287.91,3.76,10.08,1043.2,1096.85,2058.98,30635.0,29993.23,1287.53,19.36,821.14,1456.2,1.04,357.05,287.0,449.55,3.75,22.66,49.61,3.36,484.32644490172333
2014-06-30,169.62,177.218,124.288,123.40700000000001,124.48,110.715,137.345,122.60700000000001,117.2,125.225,145.352,105.765,143.629,143.529,235.192,228.155,220.16099999999997,112.728,1838.9520000000002,926.072,150.747,200.78599999999997,77.348,3174.303,198.91099999999997,104.626,932.074,6821.143,90.898,2000.876,2212.721,108.286,92.852,147.469,2106.94,186.06900000000002,291.722,202.63400000000001,10.52,17.51,4.572,18628.81,108.37299999999999,111.869,108.008,105.242,3625.8320000000003,1.578,758.472,115.275,110.869,414.667,94.648,6.192,921.323,331.819,17.747,519.273,871.57,528.003,18.242,25.96,1112.057,223.7,22762.0,28.23,261.65,3.46,9.28,1050.39,1073.17,2128.1,32016.67,30458.6,1279.1,19.78,832.24,1452.76,1.05,357.14,287.0,457.62,3.75,21.44,46.63,3.45,614.9848108935289
2014-07-31,166.31599999999997,173.25099999999998,124.682,121.29799999999999,122.083,112.016,139.59,120.38799999999999,114.23299999999999,128.844,149.66899999999998,108.711,148.111,152.756,226.53900000000002,221.55700000000002,203.72299999999998,108.29,1948.3039999999999,930.819,132.02100000000002,227.5,74.038,3196.033,198.59099999999998,107.23,880.6039999999999,7113.38,83.837,2048.974,2145.504,108.65899999999999,96.26100000000001,145.888,2193.239,176.488,292.697,182.295,9.4,17.43,4.011,19117.652,105.225,106.98299999999999,105.705,102.986,3820.554,1.48,752.885,128.668,112.529,428.0,91.574,6.391,930.5880000000001,322.317,17.637,451.02099999999996,813.8560000000001,463.23400000000004,18.73,26.149,1061.8239999999998,232.39,22424.01,28.4,238.55,3.52,8.75,1070.18,1078.15,2310.62,28672.17,31697.2,1310.97,20.92,871.7,1492.65,1.04,387.39,287.0,496.91,3.43,21.44,47.05,3.4,618.1473522432527
2014-08-31,160.83100000000002,167.28099999999998,121.266,116.588,116.709,115.165,137.52,115.655,109.344,127.569,148.72,107.12,146.774,147.63,218.06099999999998,212.78799999999998,204.162,108.145,2030.493,961.5889999999999,118.635,258.857,74.248,3270.262,214.5,105.069,848.7669999999999,7001.838000000001,73.995,2000.092,1986.8020000000001,112.19,94.14299999999999,139.9,2236.8379999999997,177.155,289.171,176.482,10.38,16.23,3.885,18600.2,100.053,101.92200000000001,101.854,96.381,3963.788,1.452,677.862,109.198,112.79,440.381,83.913,5.933,910.314,319.861,17.637,447.82199999999995,745.8439999999999,432.985,17.725,26.537,992.546,235.78,22231.05,30.83,229.16,3.64,8.68,1029.25,1069.75,2326.99,28660.0,32341.56,1295.99,19.8,876.14,1446.33,1.02,359.29,287.0,510.76,2.83,22.02,47.87,3.35,537.720540668946
2014-09-30,155.528,161.89700000000002,117.243,113.76799999999999,113.723,114.29899999999999,131.649,112.869,106.78299999999999,121.529,141.533,102.189,139.554,145.286,210.907,207.608,202.378,103.491,1990.432,925.414,115.62200000000001,272.295,71.52600000000001,3221.26,212.005,105.568,819.574,6872.215999999999,73.382,1871.8139999999999,2008.0510000000002,114.571,84.523,135.63299999999998,2117.239,183.51,277.552,163.134,10.4,15.7,3.918,18034.795,95.891,97.336,96.988,93.34899999999999,3997.1209999999996,1.4580000000000002,656.9830000000001,100.53200000000001,113.523,436.5,74.589,5.4910000000000005,889.0039999999999,327.591,15.873,409.10400000000004,711.735,368.85,16.544,26.691,983.046,232.95,21090.52,34.37,211.17,3.54,7.18,1000.12,1056.5,2294.59,26506.82,32350.74,1238.82,18.49,841.77,1362.36,1.06,353.86,287.0,493.64,3.37,24.2,47.67,3.08,446.9980755983758
2014-10-31,146.846,152.379,114.925,113.29,112.882,118.111,126.427,112.20700000000001,104.883,117.171,134.989,99.945,132.731,137.31,193.018,188.06599999999997,198.327,100.27600000000001,1946.1889999999999,922.4119999999999,104.861,266.935,68.985,3100.823,227.06,109.385,837.268,6737.478,70.343,1985.4189999999999,1833.7820000000002,114.478,81.304,133.037,2034.261,183.887,275.65,163.378,10.4,15.23,3.772,15812.37,86.12899999999999,87.27,86.71600000000001,84.4,3811.73,1.3840000000000001,673.087,101.9,113.895,432.69599999999997,73.48899999999999,5.372000000000001,875.7610000000001,316.652,16.094,378.82099999999997,721.38,354.441,16.476,26.608,1044.725,256.19,19830.41,35.75,210.72,3.48,7.08,981.2,1044.01,2276.83,20692.43,31142.42,1222.49,17.19,778.26,1259.76,0.94,320.22,290.7,476.74,3.62,24.01,48.01,2.76,363.06183979841256
2014-11-30,139.70600000000002,144.851,112.915,111.57,111.508,112.295,125.038,110.796,105.561,114.13,132.78,96.09899999999999,130.222,136.789,178.457,170.229,206.292,99.001,2055.555,904.696,107.446,261.5,67.331,2909.09,212.926,106.806,826.53,6712.85,67.525,2204.076,1991.4489999999998,113.73700000000001,74.425,130.645,2030.183,191.141,256.132,178.709,10.16,16.41,4.11,15807.05,76.958,78.438,76.735,75.702,4065.1009999999997,1.357,662.403,86.15899999999999,113.93799999999999,419.0,74.20100000000001,5.752999999999999,859.9010000000001,337.407,13.558,423.25300000000004,721.398,379.345,15.879000000000001,24.601,1068.892,243.3376,20033.475,40.5973731884,215.9879182353,3.2839473684,7.8641,973.1721111111,1041.9703428571001,2253.225,20551.0,30752.1375,1176.3,15.972999999999999,780.75,1208.85,0.8056666667,314.75,305.5,460.0,3.6277504207,22.0129935,50.132552222200005,2.7426291841,366.06124055201184
2014-12-31,126.34299999999999,129.741,110.98899999999999,109.54299999999999,109.575,109.161,119.964,108.97,105.09,111.774,125.876,98.14,124.27799999999999,138.155,148.554,134.861,199.795,98.836,1909.46,908.6,109.84299999999999,239.58700000000002,67.16199999999999,2946.942,200.59,103.51100000000001,809.4060000000001,6446.451999999999,68.305,2388.567,1995.104,106.818,68.67399999999999,128.112,1938.1070000000002,193.93,249.394,178.713,10.45,16.58,3.4010000000000002,15962.048,60.551,62.163000000000004,60.391999999999996,59.1,4234.5109999999995,1.454,624.535,82.815,113.76799999999999,410.73900000000003,72.715,6.152,852.1619999999999,339.54900000000004,13.228,418.087,705.559,378.782,14.992,24.805999999999997,1049.032,243.30597101450002,19829.7142857143,36.9482514178,234.85883666669997,3.0522727273,10.3113,946.8616,1013.932875,2175.7619047619,19856.5238095238,30945.2142857143,1202.2894736842,16.24,806.6521739130001,1212.347826087,0.5573809524000001,321.0,305.63,460.0,3.4728524581999998,18.0495595652,51.0811227273,2.7347200542000003,346.3738031975453
2015-01-31,114.74700000000001,116.383,109.26100000000001,106.50200000000001,106.421,107.45100000000001,115.766,106.236,104.441,110.95100000000001,120.26799999999999,101.943,119.579,143.83700000000002,122.682,108.34299999999999,181.97,92.88799999999999,1814.719,911.602,110.177,232.023,64.71600000000001,2915.6020000000003,190.898,102.325,774.332,5830.536,67.35,2169.833,1951.394,102.476,69.068,123.689,1843.131,188.52599999999998,251.48,174.795,9.5,15.5,2.9739999999999998,14849.19,47.452,48.417,46.335,47.604,4128.513,1.433,641.597,72.99600000000001,114.09100000000001,409.68199999999996,75.02600000000001,5.95,826.711,351.466,15.652999999999999,379.041,707.8810000000001,367.49199999999996,15.062999999999999,25.24,1004.197,269.6173333333,19454.119047619,35.8977272727,213.0214075,2.926375,9.7563,905.9979199999999,967.0299625,2113.0476190476,20057.8571428571,30749.4761904762,1251.8452380952,17.0980952381,785.5454545455,1241.7727272727,0.4756666667,340.25,305.2,483.0,3.3402168883999996,15.994540454500001,55.3371304762,2.5390162159,248.0644220071746
2015-02-28,118.117,120.35799999999999,106.575,103.723,103.436,107.117,112.895,103.961,105.566,107.74799999999999,115.809,99.954,115.383,139.898,134.811,126.228,175.043,99.39299999999999,1817.82,966.8510000000001,103.87799999999999,209.875,70.65899999999999,2961.935,179.94,103.743,747.448,5729.275,69.843,2028.453,2028.1670000000001,103.125,63.8,119.417,1795.6629999999998,190.09900000000002,250.886,173.75900000000001,9.29,14.69,2.8480000000000003,14573.838,54.933,57.931000000000004,56.15,50.718,4169.564,1.331,634.378,61.836999999999996,113.771,409.5,82.027,5.585,835.2130000000001,336.894,15.652999999999999,374.25199999999995,697.936,364.73900000000003,14.512,24.623,960.5169999999999,296.35173333330005,18233.9125,38.1875,201.7420687719,2.7778947368,9.8753,891.6436357558,946.911275,2097.7625,17274.65,29155.375,1227.1875,16.8425,786.25,1197.6,0.5732105263,321.5,305.0,485.0,3.4546963681,15.7215,56.3161957895,2.5125064495,234.06564989681246
2015-03-31,114.131,116.36200000000001,103.572,100.97,100.97200000000001,100.93799999999999,110.26,101.204,102.786,104.521,113.23,96.101,112.69200000000001,135.132,129.405,123.821,167.06400000000002,95.975,1773.864,1045.9569999999999,106.073,207.795,68.345,2878.0290000000005,160.02200000000002,98.068,743.426,5939.67,69.352,1897.3,2070.8579999999997,103.545,58.181999999999995,109.975,1792.47,188.57,247.322,174.294,9.29,13.05,2.801,13755.5,52.828,55.791000000000004,54.909,47.784,3933.6020000000003,1.197,607.655,61.706,114.273,400.727,78.717,5.144,816.574,321.74,15.652999999999999,364.86,683.432,359.596,12.841,24.398000000000003,957.255,307.5613333333,17421.9090909091,39.3181818182,202.69142666669998,2.8073863636,10.3305,874.5761,929.4507,2028.7272727273,17496.9545454545,27568.784090909103,1178.6295454546,16.222272727300002,786.3181818182001,1138.6363636364,0.5447619048,300.4545454545,305.0,481.8181818182,3.2327354742,15.496363636400002,57.3385185714,2.4487165718,269.6400579738849
2015-04-30,115.427,117.63,104.399,102.875,102.993,101.475,109.024,103.00299999999999,103.868,104.15,111.073,97.45700000000001,110.772,132.65,131.379,134.673,140.461,89.95299999999999,1819.1879999999999,1059.141,106.20700000000001,214.43200000000002,61.198,2868.272,164.952,98.73100000000001,742.289,6042.088000000001,71.703,1854.615,2017.275,99.59100000000001,52.114,109.03299999999999,2005.3629999999998,188.158,249.06,172.15200000000002,7.39,11.02,2.5789999999999997,12830.925,57.42,59.39,58.665,54.20399999999999,3996.583,1.157,591.788,60.983000000000004,114.973,392.409,77.126,5.118,814.23,337.295,15.652999999999999,349.711,691.673,356.926,12.911,24.386999999999997,1002.0139999999999,290.7386666667,15900.875,38.8409090909,195.93122825400002,2.5752380952,10.1719,884.9816625,993.7329285714,2212.725,17009.55,28827.275,1197.91,16.319000000000003,767.1818181817999,1150.4545454546,0.54915,291.7272727273,307.0,469.54545454550004,3.8546872549,15.759089999999999,63.7618389474,2.6444947446000002,234.3456243521208
2015-05-31,119.242,121.865,105.959,102.654,102.745,101.58200000000001,113.79,103.04299999999999,105.67399999999999,107.20700000000001,117.016,97.72399999999999,116.227,143.843,138.455,144.433,134.899,95.929,1804.039,946.79,105.821,199.21400000000003,65.671,3095.994,158.173,94.353,763.78,6294.776,72.863,1728.808,2044.777,96.05,60.428999999999995,110.245,1991.776,178.58,246.503,166.35,7.37,9.04,2.838,13511.341999999999,62.5,64.561,63.675,59.262,4305.326,1.151,601.3969999999999,77.32,115.96799999999999,382.42900000000003,83.54700000000001,5.1160000000000005,842.461,331.227,15.652999999999999,340.471,716.49,351.95,12.704,24.72,1081.894,313.8066031746,15803.5921052632,35.6904761905,193.2165711667,2.380875,9.8584,990.5803625,1114.5791375,2281.802631579,17056.6842105263,30066.578947368398,1199.052631579,16.8005263158,783.0476190475999,1139.8095238095,0.4712,343.9047619048,307.0,468.3333333333,3.5960180677999998,16.2633247619,72.2362331579,2.6750866114,237.4530587375346
2015-06-30,117.115,119.65700000000001,104.665,102.744,102.514,105.462,109.54299999999999,102.835,103.45,103.757,111.965,95.821,111.124,148.63,135.124,141.632,132.31799999999998,92.303,1687.727,929.181,100.64200000000001,195.045,63.105,3239.886,159.77,96.88799999999999,811.747,5833.0109999999995,72.352,1649.194,2008.0510000000002,94.0,61.841,108.005,1829.5,170.25,240.58700000000002,166.81400000000002,7.3,8.79,2.7689999999999997,12825.226999999999,61.303000000000004,62.346000000000004,61.75899999999999,59.805,4347.299,1.1909999999999998,606.404,77.35,116.00399999999999,370.545,82.979,5.159,847.748,306.497,15.873,353.902,738.0369999999999,354.82300000000004,12.114,24.76,1102.856,355.88,15064.9431818182,36.0454545455,199.83544166669998,2.5405681818,10.0274,1040.010938263,1148.1251,2082.0909090909,15272.545454545501,30650.3863636364,1181.5045454546,16.0963636364,726.7727272727001,1088.7727272727,0.3898181818,364.09090909089997,307.0,474.54545454550004,3.3202972669,16.6822681818,70.6671104545,2.84119397,237.6613229784912
2015-07-31,110.48100000000001,112.73899999999999,101.37299999999999,102.99799999999999,102.81700000000001,105.14399999999999,101.336,102.531,99.37200000000001,96.571,102.117,91.209,101.461,137.69899999999998,123.655,126.587,130.759,90.26899999999999,1639.5,938.326,104.87,204.41299999999998,64.483,3325.96,153.292,92.708,796.461,5456.75,72.348,1556.971,2063.5820000000003,75.58,52.174,106.896,1763.043,179.25900000000001,241.269,179.609,6.68,9.32,2.83,11413.098,54.431000000000004,55.86600000000001,56.266000000000005,51.162,4487.719,1.21,575.682,75.925,115.92399999999999,387.73900000000003,74.367,5.287999999999999,848.075,301.445,15.873,394.642,695.788,372.347,11.879000000000001,24.671999999999997,1069.264,403.0323478261,15071.532608695701,36.2826086957,199.21748,2.4245454545,10.1087,959.117825,1022.1673,2000.6847826087,12642.5217391304,31579.869565217403,1130.0369565217,15.072173913,642.5652173912999,1012.4347826087,0.41200000000000003,315.8695652174,305.0,470.652173913,3.0051927964,16.2795591304,71.58216695649999,2.9389017788,279.2581317573935
2015-08-31,103.249,104.803,98.963,100.039,99.719,103.816,99.68299999999999,99.666,97.14299999999999,95.24,100.69200000000001,89.969,99.868,130.648,109.45,105.84700000000001,133.47299999999998,87.285,1548.125,956.6560000000001,96.18299999999999,212.0,63.393,3154.018,158.776,91.93700000000001,754.409,5127.3,71.82300000000001,1552.024,2042.477,72.214,57.333,98.09,1703.6,178.65,241.7,162.741,6.66,10.16,2.763,10386.0,45.72,46.994,47.303000000000004,42.863,5045.7970000000005,1.294,484.67800000000005,75.575,115.44,375.57099999999997,64.434,5.447,849.982,307.298,15.873,370.408,628.747,347.022,10.675,24.5,980.252,387.3326984127,15163.775,36.0952380952,173.5175915873,2.263452381,8.3257,962.40845,1022.6807625,1807.6375,12984.7,29243.95,1117.475,14.9375,594.3333333333001,984.0952380952,0.3744285714,286.19047619049996,303.0,464.9047619048,2.8124509782,16.3976119048,71.9328214286,3.1710104655,250.3950329949665
2015-09-30,102.743,104.175,97.713,97.92200000000001,97.662,100.985,99.125,97.54,94.958,95.493,100.78200000000001,90.38,99.869,127.333,110.01799999999999,106.8,129.936,84.02600000000001,1589.602,951.783,92.5,202.40900000000002,61.765,3278.449,147.654,87.98100000000001,767.198,5217.25,68.736,1567.695,1932.5079999999998,76.19,56.977,93.529,1684.25,183.282,247.775,166.078,6.49,10.01,2.6460000000000004,9937.545,46.287,47.235,46.145,45.481,4986.874,1.195,483.48699999999997,69.843,114.99799999999999,358.773,59.513999999999996,5.025,836.7389999999999,303.888,13.228,342.955,590.25,323.555,12.137,24.435,981.681,371.2146666667,15453.3409090909,37.0568181818,164.0692201587,2.3005952381,7.872999999999999,901.2530181817999,966.7447777778,1720.2272727273,12363.8181818182,27714.3068181818,1124.5318181818,14.7181818182,608.5,965.3636363636,0.4546190476,273.4090909091,300.0,462.1818181818,3.4380371933,15.942726363599999,72.542457,3.0361886902,234.65142354493523
2015-10-31,102.167,103.219,97.08200000000001,96.75200000000001,96.281,102.325,97.182,96.51799999999999,94.936,95.773,98.074,93.54700000000001,98.125,122.92399999999999,109.521,108.34899999999999,123.448,79.575,1516.489,933.576,94.552,184.545,57.331,3197.34,153.88299999999998,88.67,805.176,5216.090999999999,69.027,1647.57,1821.828,74.59100000000001,53.659,92.882,1720.114,177.81099999999998,248.085,171.449,6.01,10.37,2.315,10316.83,46.957,48.123999999999995,46.552,46.196000000000005,4544.496,1.249,530.247,71.235,114.307,360.455,59.004,5.024,835.812,307.684,9.59,338.214,623.807,327.42,14.142000000000001,25.038,1059.053,391.84,15794.613636363601,37.2386363636,165.4514819048,2.2547727273,8.0573,882.4251090908999,956.0590666667,1724.3409090909,10424.2272727273,27499.0454545455,1159.2454545455,15.706818181800001,691.5,976.9090909091001,0.4528571429,256.5909090909,300.0,450.8636363636,3.5128029516000003,15.609545454500001,79.46209,2.7064047898,266.07524611639377
2015-11-30,96.15700000000001,97.197,92.361,93.236,92.524,101.66,91.345,93.359,94.191,88.639,90.214,87.117,89.988,118.70200000000001,101.648,101.211,114.82700000000001,82.382,1467.8929999999998,932.32,93.76299999999999,177.071,55.778,3360.84,148.937,88.631,778.373,4799.905,69.221,1753.717,1716.711,68.65,47.19,91.40299999999999,1618.345,169.53599999999997,242.903,166.092,5.87,9.4,2.076,9244.333,43.131,44.417,42.323,42.652,3910.357,1.453,503.164,57.034,113.34899999999999,358.381,55.44,5.018,828.618,315.116,10.141,320.343,614.736,319.082,14.843,25.557,1045.011,353.773968254,14745.285714285701,35.9642857143,157.8043789474,2.350875,7.6734,918.059230344,1002.4530875,1583.3095238095002,10536.0476190476,24413.702380952403,1085.7023809524,14.506666666700001,574.0476190476,883.5238095238001,0.43094736840000003,246.5238095238,296.0,428.0952380952,3.1156267162,15.4042857143,79.6086272222,2.5241857125,348.7597547543058
2015-12-31,90.648,91.22200000000001,90.78200000000001,92.64299999999999,91.971,100.587,88.243,92.79899999999999,93.851,85.78,86.014,85.554,85.947,113.959,90.45299999999999,85.53299999999999,115.68299999999999,78.561,1497.2020000000002,932.32,88.669,167.109,55.86600000000001,3345.656,149.815,86.354,810.668,4638.833,70.388,1704.36,1656.915,71.682,40.883,90.682,1706.5829999999999,180.34,244.61900000000003,164.00400000000002,5.81,10.15,1.923,8707.786,36.555,37.722,34.703,37.241,3657.889,1.453,520.6030000000001,53.108999999999995,113.06200000000001,354.348,56.593,5.792999999999999,816.846,295.202,10.141,303.862,677.199,323.315,14.763,25.6,1022.1439999999999,343.4907826087,14691.6904761905,35.1630434783,163.89345500000002,2.3990909091,7.7018,947.3305854275,1025.8673333333,1527.7857142857001,11162.8571428571,23951.178571428598,1068.2526315789999,14.053809523800002,552.2173913043,859.9130434783,0.3883636364,231.2173913043,295.0,408.91304347830004,2.900408447,14.502173913,75.6031104762,2.5962457634000002,422.9679426199044
2016-01-31,85.39399999999999,85.11,90.83200000000001,92.686,92.57799999999999,93.96799999999999,87.712,92.84,93.882,86.33,85.259,87.366,85.056,108.18,77.528,70.15100000000001,107.3,77.446,1481.1,1011.247,83.045,159.071,53.428999999999995,2952.4159999999997,146.322,81.961,777.903,4471.788,68.75,1555.3020000000001,1800.453,73.0,42.205,87.271,1646.2,188.864,251.75599999999997,161.099,5.09,8.46,2.274,8507.288,29.918000000000003,30.803,27.247,31.705,3976.428,1.3030000000000002,531.619,54.511,112.544,359.476,55.327,6.452999999999999,785.618,314.54900000000004,11.023,297.177,659.9010000000001,323.204,14.290999999999999,25.759,1020.137,319.8255238095,13808.075,34.6904761905,164.6116266667,2.0471052631999997,7.4812,934.4375571428999,1013.36328,1520.3625,11597.75,23134.6,1097.375,14.01575,502.52380952379997,854.7619047619,0.3374736842,210.23809523810002,290.0,399.6428571429,2.9215404092000004,13.6895238095,71.1137935,2.542822208,412.0298671281909
2016-02-29,87.387,86.399,93.781,93.62,93.68799999999999,92.807,90.70200000000001,93.691,94.175,92.31200000000001,89.322,95.20299999999999,89.23299999999999,112.92,78.139,72.264,98.654,79.015,1531.2620000000002,1052.355,87.06299999999999,171.31,53.782,2916.367,148.94,81.158,778.936,4598.619000000001,66.571,1455.941,1851.987,72.238,46.486000000000004,86.613,1765.75,180.296,259.345,159.717,4.79,7.99,1.9569999999999999,8298.5,31.054000000000002,33.198,29.615,30.349,4233.439,1.307,595.901,62.943999999999996,112.10700000000001,373.19,57.041000000000004,6.144,780.113,327.402,11.023,291.368,686.904,320.129,13.314,25.478,1039.579,287.2627301587,15610.1428571429,34.0071428571,159.283795,1.90425,7.4804,959.2632150664,1017.4157571428999,1709.8452380951999,11686.428571428602,22275.880952381,1199.9119047619001,15.0680952381,505.1904761905,920.2380952381,0.3752,245.4761904762,282.0,371.9047619048,2.9228328661000003,13.8223809524,67.27392761899999,2.5316730773,402.35880139984783
2016-03-31,93.65299999999999,92.95299999999999,97.932,97.125,97.242,95.74799999999999,96.516,96.916,95.49799999999999,97.99600000000001,96.92,99.036,96.505,115.555,87.463,86.755,90.00299999999999,81.128,1531.0120000000002,1020.898,91.587,176.196,55.435,3073.5190000000002,156.937,83.191,767.375,4953.798,65.457,1387.8110000000001,1811.516,73.08,56.538999999999994,86.119,1802.19,191.37400000000002,263.616,159.227,4.09,8.01,1.704,8717.25,37.34,39.071999999999996,35.173,37.774,4047.257,1.281,633.068,63.434,111.56200000000001,370.478,65.639,6.905,775.045,315.284,11.023,296.181,713.8560000000001,326.935,15.43,26.323,1013.921,263.70666666669996,16897.5952380952,30.1065217391,164.0604716667,1.8305681818000001,7.2806,985.5027428571001,1035.8408714286,1801.6904761904998,11757.285714285701,22982.5238095238,1246.3380952380999,15.420476190499999,568.2173913043,967.4347826087,0.45290909090000003,264.2608695652,277.0,360.0,3.3046926636,13.7939130435,69.385788,2.7007315906000002,415.81789036002635
2016-04-30,96.662,96.34,99.706,99.425,99.72200000000001,95.92,99.375,99.51799999999999,100.149,99.113,99.06700000000001,99.15700000000001,98.789,110.179,92.26,93.788,86.167,80.031,1571.226,998.0930000000001,100.82,176.905,54.659,3078.494,154.202,87.605,805.605,4872.738,69.279,1428.9370000000001,1865.33,73.19,60.967,86.67,1732.274,181.791,271.7,164.465,4.02,6.68,1.903,8878.857,40.749,42.248000000000005,39.038000000000004,40.963,4024.2090000000003,1.349,680.375,64.812,111.56,376.048,78.03699999999999,7.106,780.0039999999999,322.895,10.362,327.70099999999996,748.5310000000001,353.80199999999996,14.998,27.892,1028.428,237.9855238095,17032.7142857143,27.8166666667,163.3868377778,1.9183333333,7.3603,1022.9989999999999,1087.919175,1855.3738095238,12220.2380952381,23000.5,1242.2619047619,16.2588095238,574.3333333333001,994.1904761905,0.4570952381,243.90476190479998,269.0,360.0,3.4932997366000005,13.7033333333,79.9836744444,2.7030122552,432.0779171052196
2016-05-31,100.537,100.49799999999999,99.946,101.008,101.28,97.792,97.25,100.984,100.825,98.32600000000001,95.829,100.73899999999999,96.256,100.46700000000001,101.39299999999999,105.65,86.76299999999999,80.388,1550.625,987.569,104.321,179.455,54.527,3098.389,155.404,91.02600000000001,798.87,4694.538,70.278,1528.422,1830.1729999999998,72.44,55.886,91.65799999999999,1707.8,179.5,273.27099999999996,169.002,3.99,6.81,1.921,8660.35,45.981,47.133,43.965,46.846000000000004,3858.0209999999997,1.446,644.565,73.991,111.98100000000001,408.81800000000004,75.918,7.265,792.049,332.295,10.692,407.49800000000005,707.0319999999999,388.51199999999994,16.684,27.263,1040.222,247.25599999999997,16706.95,27.9545454545,157.5603420635,1.8688095238,7.1913,989.5741534655,1096.7055125,1869.025,14505.1,23413.625,1259.3975,16.88875,578.1363636364,1032.8636363636,0.51805,204.0909090909,264.0,352.72727272730003,3.0503078139,12.871363636400002,88.9132131818,2.7719950572000003,467.510008018338
2016-06-30,103.146,103.24799999999999,100.887,103.189,103.351,101.272,96.635,102.87,100.713,98.436,95.014,101.744,95.353,94.22,106.415,109.86200000000001,96.98100000000001,85.189,1593.507,993.2189999999999,114.838,181.455,56.229,3122.75,165.84900000000002,92.61,788.7739999999999,4641.965999999999,74.102,1577.25,1870.58,74.795,52.341,96.042,1712.773,174.975,282.262,179.91299999999998,4.04,7.08,2.5660000000000003,8928.351999999999,47.687,48.478,45.835,48.748999999999995,3810.278,1.655,618.453,79.053,111.86,420.68199999999996,71.697,7.671,774.7180000000001,330.67699999999996,10.692,443.415,703.6039999999999,421.22900000000004,19.337,27.61,1017.297,268.9146666667,16966.693181818202,27.3522727273,156.6950366667,2.0261363636,7.5572,1015.2950723534,1094.21021,2026.1931818182002,15675.136363636399,23692.7272727273,1276.4045454546,17.1811363636,553.0909090908999,984.1363636364,0.5070454545,181.5,256.0,347.04545454550004,2.4885294346,13.393181818199999,104.4167713636,2.8662526524,638.9508547893652
2016-07-31,102.82,102.333,103.391,103.84,103.854,103.677,101.09200000000001,103.698,102.73200000000001,104.15,100.441,107.736,101.742,88.777,101.995,103.171,100.905,94.61,1629.0479999999998,1004.67,107.387,187.738,64.418,3049.9770000000003,172.35299999999998,96.98,764.3539999999999,4864.905,81.064,1403.444,1816.0970000000002,75.6,57.31,88.975,1834.786,175.15599999999998,285.97700000000003,161.82299999999998,4.3,6.85,2.7880000000000003,10262.857,44.224,45.071000000000005,42.71,44.891999999999996,3890.9770000000003,1.835,584.19,76.012,111.45200000000001,456.23800000000006,80.50399999999999,8.007,717.057,320.882,10.692,403.281,669.863,390.402,19.687,28.147,975.105,280.117968254,17826.2261904762,25.8452380952,133.710203,2.129875,6.5647,1091.629225,1138.138975,2183.25,15063.9523809524,25085.5238095238,1337.3261904762,19.928571428599998,646.0476190476,1086.4761904762,0.4785,173.90476190479998,228.0,341.4285714286,2.87391669,15.236666666700001,126.072584,3.0192899076999997,660.7178825806881
2016-08-31,103.25200000000001,102.78,102.897,102.006,101.932,102.887,102.01299999999999,101.93299999999999,101.43799999999999,105.303,102.241,108.262,103.58200000000001,91.65100000000001,103.766,103.943,103.12,102.07700000000001,1639.2839999999999,1051.525,98.57799999999999,185.609,71.327,3032.488,170.342,96.677,818.88,4751.67,80.26100000000001,1427.4470000000001,1789.25,73.47800000000001,60.87,92.10799999999999,1835.523,175.667,294.027,150.215,4.25,7.42,2.7910000000000004,10335.989,44.843,46.144,43.636,44.748999999999995,3982.15,1.8130000000000002,664.377,65.156,111.027,414.217,74.979,7.063,714.822,322.23,10.692,364.48199999999997,711.738,370.31699999999995,20.014,28.609,981.942,275.9233623188,18427.0227272727,25.902173913000002,127.8999110145,1.7431521738999998,6.9279,1095.9336142857,1142.4911,2279.1363636364003,15623.0909090909,26296.590909090897,1341.0886363636,19.6402272727,699.5652173913,1121.7391304348,0.450173913,192.1739130435,220.0,340.0,3.018254313,16.8095591304,113.2967140909,3.1296290108999996,581.5040082495664
2016-09-30,103.325,102.99700000000001,102.046,101.88799999999999,101.59200000000001,105.384,100.398,101.823,101.383,103.421,100.007,106.721,101.155,89.67200000000001,105.175,104.458,104.93299999999999,106.874,1592.364,1013.31,95.50399999999999,182.886,76.374,2881.187,178.071,101.765,848.637,4722.205,77.861,1398.285,1808.652,73.536,57.659,95.575,1947.6429999999998,188.18400000000003,292.151,148.512,3.96,7.79,2.969,10191.784,45.058,46.18899999999999,43.817,45.167,4073.8720000000003,1.985,692.4069999999999,58.715,110.37799999999999,384.0,72.782,6.665,716.6210000000001,334.217,10.692,342.24699999999996,722.6110000000001,355.902,21.351999999999997,27.953000000000003,989.05,297.972,19499.5227272727,24.875,123.24875619049999,1.7020238095,6.9279,1061.79817,1147.3969375,2292.3068181818,15399.0,26625.0,1326.0295454546,19.284772727300002,682.5909090908999,1045.9545454546,0.49819047619999995,185.9090909091,215.0,339.7727272727,3.1803470287,16.512720454500002,132.6989375,3.0792052504000003,605.6886279176435
2016-10-31,106.727,107.323,101.14200000000001,101.59100000000001,101.213,106.06,101.007,101.476,100.699,101.338,101.13,101.54,101.24,92.76799999999999,114.806,115.851,105.699,133.55100000000002,1665.905,976.388,96.696,180.762,96.24,2711.3509999999997,178.62400000000002,107.52799999999999,900.3889999999999,4731.262,78.517,1296.28,1727.2939999999999,74.643,58.952,92.449,2024.4879999999998,186.97,286.85900000000004,152.61700000000002,4.01,7.93,2.951,10259.738000000001,49.294,49.732,48.263000000000005,49.885,3924.434,2.013,651.4490000000001,50.229,110.13,367.667,75.59899999999999,7.21,672.9119999999999,330.665,12.345999999999998,337.124,757.255,358.38699999999994,22.916999999999998,28.538,998.4069999999999,304.9297777778,20099.7619047619,21.488095238099998,122.5585001667,2.0348809524,6.7496,1022.6541283092,1186.9199375,2311.5,14937.380952381001,28205.6666666667,1266.5690476191,17.7371428571,648.5238095238,959.1428571429,0.5799047619,201.3333333333,216.0,334.5238095238,2.9707094624,14.9271428571,157.4135005556,2.7953170218,641.694434308743
2016-11-30,105.53399999999999,106.272,103.825,101.84299999999999,101.51299999999999,105.734,111.67200000000001,101.954,102.704,107.214,115.236,99.459,113.84899999999999,97.265,108.005,107.406,100.292,149.039,1737.114,959.945,97.885,183.136,111.428,2482.831,185.128,106.93700000000001,896.3539999999999,5450.932,78.923,1280.5839999999998,1665.031,77.25,74.13600000000001,96.109,2180.58,184.84799999999998,275.14,151.33100000000002,4.54,7.16,2.501,11128.909,45.278,46.43600000000001,43.775,45.623000000000005,3928.02,2.173,669.998,46.611000000000004,109.852,360.81800000000004,85.26899999999999,7.317,677.326,327.348,12.125,345.70099999999996,772.415,368.37300000000005,20.869,28.759,1000.485,328.6,21126.0909090909,18.5681818182,122.5497977193,2.2141666666999997,6.7496,1019.2400787441001,1189.2832625,2566.2045454546,14852.7727272727,29258.409090909103,1235.9795454546002,17.4154545455,697.4090909091001,953.2727272727001,0.5376,225.7272727273,215.0,325.0,3.1081267437,16.648174545499998,148.137477619,2.630769394,727.0999860855014
2016-12-31,111.56200000000001,113.74799999999999,103.617,101.77799999999999,102.03399999999999,98.75200000000001,115.62799999999999,102.29700000000001,105.804,106.061,119.53299999999999,93.036,117.241,98.344,123.054,126.70100000000001,119.18299999999999,130.651,1727.7379999999998,959.945,95.988,173.977,93.134,2295.31,162.558,103.59100000000001,917.34,5660.35,79.503,1281.745,1743.21,75.69,79.432,96.59200000000001,2209.8379999999997,186.21,256.418,152.73,5.16,7.09,3.582,10972.275,52.614,54.066,51.763000000000005,52.013999999999996,3992.511,2.036,711.7560000000001,53.448,112.714,367.545,101.01100000000001,7.862,680.2689999999999,323.317,11.023,345.837,800.2560000000001,375.289,18.83,29.249000000000002,1012.248,336.66,21204.35,19.2159090909,122.84632555559999,2.1763095238,6.5273,1007.3706270067,1206.20824,2664.8125,14876.85,31589.375,1151.4027777777999,16.3785,702.1590909091001,917.5,0.64085,232.1176470588,215.0,320.5882352941,3.1537090361,17.2359031818,140.13905523809998,2.6052378994,821.5879884973452
2017-01-31,115.975,118.287,107.435,106.425,106.76299999999999,102.43700000000001,118.061,106.852,109.73899999999999,108.70200000000001,121.368,96.456,119.348,102.882,128.327,128.753,132.789,132.045,1791.2379999999998,974.033,100.065,176.773,91.42399999999999,2193.827,167.828,111.258,917.373,5754.56,82.331,1224.704,1820.9489999999998,75.05,80.818,95.616,2242.619,187.06,258.601,160.012,6.278,9.174,3.261,9971.464,53.629,54.893,53.435,52.56,4152.218,1.7730000000000001,726.4889999999999,61.373000000000005,114.825,372.545,115.898,8.638,671.822,318.822,12.125,364.705,771.882,379.59,20.538,29.444000000000003,980.863,368.7346666667,20691.7857142857,22.1704545455,137.1457358333,2.45,7.0814,1027.9033323157,1305.6239833333,2714.7976190476,14891.8095238095,34720.380952381,1192.6166666667,16.8076190476,744.8181818182001,968.4090909091001,0.75905,249.7727272727,215.0,331.1363636364,3.7067856873,16.8281772727,99.08536714290001,2.636897107,910.1490606365745
2017-02-28,116.514,118.509,109.954,107.001,107.545,100.57600000000001,123.831,107.583,111.521,114.135,128.72299999999998,100.031,126.47,102.96799999999999,126.00399999999999,130.134,116.40799999999999,125.78299999999999,1860.75,1040.097,103.904,184.6,85.969,2034.0839999999998,165.558,110.132,872.33,5940.9130000000005,85.155,1125.4660000000001,1806.412,76.575,88.95,97.749,2311.5,172.145,263.453,162.963,6.1,7.127999999999999,2.823,10643.3,54.355,55.494,54.17100000000001,53.402,4424.232,1.706,706.794,71.76899999999999,114.49799999999999,368.5,122.98899999999999,7.875,680.487,312.384,12.125,371.374,742.922,380.87300000000005,20.406,30.543000000000003,966.971,382.8748,19446.475,25.15,147.3614421053,2.5452631579,7.125,1029.7807178025998,1365.4440875,2845.55,14899.05,43005.0,1234.3575,17.87425,775.55,1007.35,0.7709444444,240.25,214.0,364.25,3.8678553592,16.8604935,82.64820999999999,2.560860279,1058.6319286412834
2017-03-31,110.99799999999999,112.398,107.31700000000001,103.499,103.90100000000001,98.75299999999999,121.685,104.04899999999999,107.773,113.141,127.214,99.536,124.885,96.979,116.321,121.93799999999999,102.447,122.37100000000001,1901.467,1075.246,102.56700000000001,190.174,86.334,2063.094,159.389,110.01899999999999,839.915,5824.63,86.78299999999999,1068.954,1882.515,77.935,87.196,100.344,2280.924,186.396,263.476,158.97899999999998,4.945,5.795,2.888,10204.663,50.906000000000006,51.968,51.163999999999994,49.585,4434.147,1.757,663.3,68.39399999999999,124.664,367.783,107.352,7.2,672.4760000000001,294.23,12.125,356.885,723.403,366.095,18.06,29.951999999999998,936.7810000000001,356.1028405797,19875.195652173898,24.641304347800002,146.4314994203,2.5202173913,6.8573,1059.6526152965,1454.82935,2776.8804347826,14899.4782608696,52765.2173913044,1231.0934782609,17.587826087,776.3043478261,962.2608695652001,0.6192173913,209.1304347826,214.0,375.0,3.3690920564,15.814782173900001,81.8119840909,2.6417959935,1133.4578522579295
2017-04-30,111.1,112.199,105.351,102.69,103.25200000000001,96.045,114.31299999999999,103.351,107.825,109.434,116.89200000000001,102.22399999999999,115.943,92.818,119.417,124.52,105.35600000000001,124.292,1921.2220000000002,1063.536,103.346,192.875,90.111,1961.1570000000002,155.901,106.24799999999999,823.029,5683.903,87.036,1094.728,1847.961,75.425,70.4,107.79799999999999,2220.611,185.11700000000002,270.343,156.54,5.035,5.71,3.082,9609.278,52.226000000000006,53.06399999999999,52.448,51.168,4389.013,1.6059999999999999,623.2080000000001,59.613,130.696,374.5,101.249,7.443,688.444,316.336,12.125,342.63300000000004,695.302,347.861,16.317,28.701999999999998,939.952,362.09653333330004,19910.319444444398,23.25,138.4075907018,2.2159210525999997,6.7949,988.3864199999999,1400.9328,2614.9166666667,14896.4444444444,55305.5555555556,1265.6277777778,18.0583333333,800.6,961.4,0.6513684211,192.25,214.0,367.5,3.8113076051999997,15.257,87.61166,2.7114731248000004,1215.2342157364133
2017-05-31,108.883,109.91799999999999,104.697,104.495,105.38,94.04,110.609,104.941,107.95200000000001,105.833,111.665,100.194,110.765,86.75,114.93700000000001,117.836,106.221,113.435,1913.024,1083.053,104.45100000000001,200.41299999999998,80.118,1983.485,151.179,101.471,833.628,5599.56,88.63799999999999,1120.355,1814.8770000000002,69.36399999999999,61.63,114.09299999999999,2125.107,190.12599999999998,265.284,158.6,5.0680000000000005,5.718999999999999,3.125,9155.119,49.912,50.871,50.303999999999995,48.56,4635.179,1.4409999999999998,655.5110000000001,68.251,144.708,402.913,98.60700000000001,8.022,704.5219999999999,317.532,12.125,341.035,714.066,350.18,15.689,28.42,949.8330000000001,371.4824347826,20200.3333333333,21.641304347800002,146.4402133333,2.4373863636,7.229,1022.2474128608001,1433.4652666667002,2590.2142857143,16544.8095238095,54941.940476190495,1245.0047619048,16.7647619048,793.2608695652001,931.7826086957001,0.6409047619,170.6086956522,209.0,356.08695652169996,3.5534364879,15.542173913,86.6140836364,2.8787333573000002,1884.7944288606643
2017-06-30,105.67399999999999,106.208,103.897,103.81700000000001,104.626,94.259,107.98,103.744,103.249,105.67200000000001,109.86,101.62200000000001,109.486,85.506,108.244,108.209,102.24799999999999,121.714,1885.286,1098.066,105.87299999999999,206.15900000000002,85.67299999999999,1998.245,144.099,104.82700000000001,830.438,5719.7609999999995,84.764,1092.07,1878.046,67.59100000000001,57.864,113.986,2132.9320000000002,189.99599999999998,268.393,157.974,4.984,5.524,2.9410000000000003,8931.761,46.133,46.895,46.336999999999996,45.168,4632.07,1.3659999999999999,621.182,82.054,147.412,444.68199999999996,79.768,8.103,697.437,329.87699999999995,12.125,330.38300000000004,704.827,339.72900000000004,13.53,27.809,936.2410000000001,381.2173333333,19658.8409090909,19.75,157.2461916667,2.5747727273,7.4859,1065.8205874468,1403.8277222222,2573.3977272726997,16594.9090909091,57449.4545454545,1260.2568181817999,16.9459090909,864.6363636364,930.7272727272999,0.5925,166.6363636364,209.0,350.45454545449996,2.9084024317000003,16.2754490909,81.7190285714,3.0110519292,2629.4433744449784
2017-07-31,108.448,109.51299999999999,105.965,105.92200000000001,106.74,96.255,113.036,105.494,102.59200000000001,108.234,117.18700000000001,99.57700000000001,115.676,87.445,112.039,110.834,103.834,128.16899999999998,1902.964,1098.066,110.81200000000001,205.452,90.774,1988.578,151.69,107.62100000000001,866.076,5985.119000000001,84.088,1082.397,1894.7779999999998,64.675,66.738,107.67299999999999,2269.857,180.003,264.624,157.611,5.098,5.632000000000001,2.958,9491.393,47.665,48.69,47.631,46.674,4685.995,1.3130000000000002,617.158,88.065,138.828,419.952,79.35300000000001,8.04,707.846,328.82099999999997,11.684000000000001,357.23699999999997,738.7239999999999,365.45300000000003,14.119000000000002,26.730999999999998,951.946,371.3977142857,20223.4761904762,20.3642857143,174.5324166667,2.906875,7.3777,1089.9653,1406.3609,2787.1904761905,15667.476190476202,58548.90476190481,1236.2214285713999,16.1438095238,856.0,918.380952381,0.6629411765,176.5238095238,211.0,344.0,3.0653870641000003,15.576190476199999,81.31995857140001,3.2776061685,2499.759918292243
2017-08-31,111.279,112.24700000000001,106.434,101.305,101.745,96.10600000000001,120.119,101.493,102.76700000000001,115.072,127.016,103.52600000000001,125.059,92.807,118.288,114.853,108.324,140.985,2030.011,1098.066,103.238,189.043,102.772,1988.559,154.592,106.35600000000001,874.811,6485.625,79.34100000000001,1125.887,1952.253,62.108999999999995,74.587,104.259,2348.466,193.982,270.95799999999997,148.543,5.537000000000001,6.131,2.8760000000000003,10889.976999999999,49.943000000000005,51.37,50.427,48.032,4661.514,1.355,621.819,78.575,124.84299999999999,405.652,83.102,7.457000000000001,706.5930000000001,321.098,11.684000000000001,329.591,746.638,345.411,13.796,25.073,967.846,362.6658550725,20521.0,20.4065217391,139.0508150725,2.5682608696,7.3777,1176.2694333333,1470.5977,2980.7272727273,15638.3181818182,58465.1363636364,1282.3159090909,16.9090909091,913.0,972.4782608696,0.7598095238,200.34782608700002,216.0,338.2173913043,2.8533723294,16.3926043478,88.41699619049999,3.4359358467,3837.652213530717
2017-09-30,114.542,115.584,106.464,100.19200000000001,100.756,93.52600000000001,119.493,100.536,102.863,115.919,126.103,106.074,124.475,100.95100000000001,126.227,120.9,117.56200000000001,146.058,2096.488,1098.066,99.28399999999999,188.69,104.775,1998.296,149.715,101.329,890.773,6577.1669999999995,80.605,1220.011,2034.655,60.55,69.238,110.779,2374.393,192.502,268.93,147.316,6.0329999999999995,7.084,2.963,11215.786,52.91,55.163000000000004,53.861999999999995,49.706,4614.202,1.493,661.632,58.945,119.48700000000001,413.14300000000003,83.65799999999999,7.025,725.29,312.61,11.684000000000001,336.436,755.6560000000001,353.86,13.931,26.95,971.817,361.524952381,20796.619047619,20.428571428599998,138.4133923333,2.404,7.7009,1154.7683611573,1429.7214125,3116.8571428571004,15635.8571428571,60128.5,1314.9785714286,17.448571428599998,934.9047619048,966.1428571429,0.88645,238.09523809520002,215.5,338.9047619048,2.9909679860000002,16.2938047619,93.9557895238,3.3101621979000004,4117.061839397661
2017-10-31,116.081,117.617,105.905,101.006,101.631,93.62100000000001,117.539,100.96600000000001,100.698,113.60700000000001,124.234,103.334,122.59100000000001,103.416,130.799,126.426,122.854,144.499,2131.489,1087.393,93.77600000000001,189.477,103.25,2097.053,143.122,102.545,898.62,6807.602,78.605,1209.829,2167.922,60.295,61.045,117.56,2498.216,194.57299999999998,263.62,148.722,5.891,8.793,2.867,11335.773000000001,54.922,57.618,55.583999999999996,51.565,4601.245,1.554,648.1619999999999,59.118,114.255,407.227,73.612,6.968999999999999,719.45,325.16700000000003,11.684000000000001,347.418,740.742,358.276,14.232000000000001,27.086,945.247,362.41066666669997,20376.0909090909,20.2340909091,133.3445160317,2.6095454545,7.7557,1135.2543555556,1463.6470000000002,3264.6022727273,15635.2727272727,59905.8636363636,1279.5136363636,16.9372727273,959.3636363636,921.0,0.9394545455,247.5,215.5,345.22727272730003,3.3317412425,16.6690827273,82.84190100000001,3.0521545648000004,5277.76952093122
2017-11-30,120.82600000000001,122.875,106.491,101.338,102.20700000000001,91.059,118.95299999999999,101.397,101.79700000000001,114.586,125.773,103.77,124.181,102.113,141.562,138.154,134.513,144.248,2097.4410000000003,1084.254,98.273,190.136,102.48700000000001,2127.902,144.24,95.11200000000001,938.8969999999999,6826.545,80.411,1226.246,2067.344,61.476000000000006,63.409,117.68299999999999,2461.4320000000002,208.00599999999997,263.85,148.792,6.739,9.571,2.9930000000000003,11972.0,59.956,62.575,60.583,56.71,4566.471,1.625,635.564,62.858999999999995,115.695,404.045,70.266,6.244,720.49,334.57199999999995,11.684000000000001,349.905,758.62,361.409,14.967,27.285999999999998,948.5219999999999,344.99757575760003,19557.5227272727,22.3454545455,138.0459556667,2.615,7.602,1149.6962826597999,1517.89529,3229.3068181818,15638.3181818182,62118.0454545455,1282.2840909091,17.005,999.7954545455,934.0,0.983,233.4090909091,215.5,370.6818181818,3.4935851576,16.5954477273,77.3896104545,3.1239566939,7751.11303379982
2017-12-31,122.488,124.915,106.984,100.965,102.161,86.82,122.45100000000001,101.37700000000001,104.163,115.62299999999999,129.72,101.994,127.419,105.396,144.914,140.336,140.637,149.266,2080.474,1090.8310000000001,94.32700000000001,184.333,105.969,1917.776,141.833,92.09299999999999,877.51,6833.895,85.42399999999999,1344.62,2225.145,63.65,71.738,114.773,2509.9210000000003,208.584,263.62,149.08700000000002,7.2139999999999995,10.709000000000001,2.7969999999999997,11495.105,61.208999999999996,64.212,61.452,57.961999999999996,4560.827,1.462,592.798,60.544,117.42,407.952,73.634,6.315,730.46,327.303,11.684000000000001,355.76,730.567,357.153,14.433,26.903000000000002,940.367,320.91215777860003,19476.3684210526,20.6007396122,147.1032695,2.398,7.9226,1170.754,1559.024825,3195.9473684211,15637.0,72632.052631579,1261.2558823529,16.1607894737,1021.8095238095,906.8571428571,0.9536470588,244.0625,215.5,385.0,3.8185355076,15.4666666667,69.76972950000001,3.1580969764,14994.595463671192
2018-01-31,129.77200000000002,132.384,111.54799999999999,104.39299999999999,105.773,88.083,128.618,105.085,109.771,121.765,136.109,107.898,133.967,106.61200000000001,156.132,149.218,155.086,155.444,2209.7270000000003,1116.803,100.25,188.043,111.93299999999999,1951.826,144.154,93.03,842.578,7065.852,91.057,1449.6070000000002,2130.38,66.048,75.783,121.897,2584.091,224.08700000000002,268.297,155.917,6.648,11.67,3.88,12864.875,66.154,68.987,65.918,63.556999999999995,4795.523,1.429,633.3480000000001,68.19800000000001,126.697,422.30400000000003,76.824,7.188,751.937,344.718,12.15,359.301,726.664,356.869,13.98,26.587,935.475,326.4423646487,20696.9090909091,19.3308544661,156.388044127,2.5694047619,8.0948,1305.4525979203,1694.0379999999998,3441.5227272727,15635.545454545501,77293.52272727269,1331.6659090909,17.1684090909,1092.7826086957,987.8913043478,0.9445714286,246.52173913040002,215.5,395.0,4.1109713104,14.044782608699999,64.6477245455,3.1268296937,13064.965330095652
2018-02-28,126.949,129.244,112.23100000000001,105.25399999999999,106.54,90.055,129.529,105.911,110.353,122.037,137.151,107.425,134.468,109.633,148.239,141.805,142.648,152.57299999999998,2181.788,1267.127,106.774,194.825,111.477,2122.799,142.92700000000002,92.881,822.2130000000001,7006.525,88.26799999999999,1490.6,2061.02,66.368,77.65,124.22200000000001,2581.063,240.697,275.803,163.461,7.835,10.470999999999998,2.6719999999999997,13595.875,63.438,65.422,62.742,62.15,4781.012,1.47,642.944,69.577,122.39,417.85,78.40899999999999,7.276,762.183,337.22900000000004,12.78,397.395,709.377,371.23199999999997,13.573,25.668000000000003,951.961,346.5136239782,21651.55,18.0015210555,172.28911912279997,2.6623684211,8.4986,1416.2415717646,1683.87475,3532.9,15630.4,80792.6,1331.525,16.65925,1022.45,988.25,0.8297058824,256.7,215.5,407.0,3.6711346367,13.536,63.5926184211,3.0979009891000002,9447.0408907186
2018-03-31,126.525,128.834,111.698,106.476,107.67200000000001,92.34899999999999,125.91,107.006,110.59100000000001,119.083,131.999,106.596,129.57,108.501,147.972,143.344,139.08700000000002,146.085,2069.238,1173.405,108.988,193.90900000000002,105.728,2503.951,140.202,92.07799999999999,795.6060000000001,6799.179,92.13600000000001,1490.5620000000001,2132.347,65.5,71.318,124.54,2390.0,229.023,280.718,172.077,8.512,8.461,2.6919999999999997,13392.5,64.19800000000001,66.445,63.287,62.861000000000004,4394.371,1.3869999999999998,624.309,61.415,135.775,409.773,78.167,8.513,761.365,336.61,12.78,413.535,702.2339999999999,381.894,12.825999999999999,24.728,946.6110000000001,331.2697547684,21211.9404761905,17.972381733699997,180.918815873,2.4571428571,8.2193,1405.2652341643,1608.184,3269.1785714285998,19504.619047619,87614.9047619048,1324.6571428571,16.4704761905,986.5454545455,953.7272727272999,0.7838125,249.3636363636,215.5,413.6363636364,3.6157469469,14.2072727273,58.455138421099996,3.2098977998000002,9084.044755671564
2018-04-30,128.487,130.92700000000002,111.71799999999999,106.205,107.336,92.838,126.68799999999999,106.654,109.69200000000001,120.086,133.44299999999998,107.17200000000001,130.731,103.542,152.743,153.865,124.48899999999999,144.06,2254.688,1158.577,112.208,190.81,99.223,2624.735,140.369,91.87799999999999,791.3919999999999,6851.513000000001,92.238,1478.931,2118.857,63.857,66.333,125.28399999999999,2352.413,216.62,276.7,175.601,7.06,7.475,2.762,13938.1,68.792,71.628,68.429,66.32,4135.674,1.4340000000000002,618.001,53.973,146.529,432.381,77.742,8.875,767.033,331.207,12.78,419.73900000000003,691.117,381.26800000000003,11.824000000000002,24.813000000000002,957.95,312.4180615025,21291.1,17.2427796659,180.3764093651,2.3080952381,8.0998,1428.2197571429,1599.16045,3188.05,24875.25,90782.5,1334.74,16.6085,970.5238095238001,924.0952380952,0.8119473684,227.25,215.5,411.0,3.5279335008999997,14.4433333333,57.29521857140001,3.2258843998000004,7998.954998529154
2018-05-31,133.29399999999998,136.564,112.355,108.147,109.431,92.97200000000001,127.10600000000001,108.39399999999999,110.071,119.119,133.876,104.851,131.036,103.355,163.58,167.078,132.982,157.779,2299.667,1147.31,117.17399999999999,188.0,109.375,2659.613,141.679,92.39399999999999,808.14,6825.274,94.479,1344.9879999999998,2160.208,62.284,66.63,120.025,2360.929,209.28400000000002,271.378,179.179,7.4639999999999995,8.613,2.784,14366.488000000001,73.34100000000001,76.64699999999999,73.483,69.893,3655.725,1.663,606.0219999999999,63.42100000000001,158.222,433.217,76.124,8.999,734.551,348.30199999999996,12.78,423.844,683.442,374.848,11.827,24.595,938.9989999999999,293.2837341547,20858.8333333333,18.1799942933,192.70383,2.3645454545,8.0998,1545.81988,1648.87601,3059.8690476190995,24876.2380952381,90250.0,1303.0261904761999,16.4683333333,979.0869565217,904.3043478261,0.9152380952,227.36842105259998,215.5,407.8947368421,3.478545081,15.1991304348,55.4918772727,3.2801045898,8446.344631281056
2018-06-30,132.167,135.505,110.208,103.755,104.999,89.052,127.915,104.63,110.54799999999999,118.79700000000001,134.81799999999998,103.30799999999999,131.845,108.7,163.929,165.24,143.584,167.863,2237.619,1161.208,103.49,185.548,121.524,2410.759,139.833,89.381,818.6289999999999,6965.857,97.70700000000001,1307.021,2180.513,59.548,66.857,118.336,2436.286,218.34900000000002,270.589,165.14,7.51,10.437999999999999,2.9389999999999996,15105.655,71.994,75.191,73.26899999999999,67.523,3576.387,1.5919999999999999,582.898,77.39399999999999,159.94799999999998,413.14300000000003,70.048,7.89,724.305,356.301,12.78,381.342,657.439,339.958,12.062000000000001,25.619,911.633,286.8490982224,20660.5238095238,19.0842415719,193.07921984130002,2.4077380952,7.3483,1689.8039823444,1739.6612,3088.5714285714002,24882.3333333333,81188.0952380952,1281.5666666667,16.5233333333,985.0476190475999,884.9047619048,0.8815238095,250.0,215.5,414.52380952379997,2.6853473437999997,15.329047619,54.46103000000001,3.4442498541,6795.367838912719
2018-07-31,130.417,133.947,106.319,100.845,102.045,86.654,121.345,101.846,108.618,112.764,126.404,99.57700000000001,123.721,110.383,165.273,167.918,140.461,172.735,2082.239,1138.247,99.012,182.864,125.086,2357.048,133.035,87.762,842.596,6250.75,96.18,1294.9089999999999,1992.24,56.405,67.045,117.23299999999999,2207.0229999999997,224.71099999999998,267.02099999999996,156.554,7.622000000000001,9.972000000000001,2.798,13793.864,72.718,74.438,72.72399999999999,70.991,3676.752,1.676,538.2080000000001,74.874,146.97299999999998,378.68199999999996,66.19800000000001,6.983,717.765,353.217,12.78,365.13300000000004,624.159,312.562,11.155,25.544,932.1469999999999,285.7243002229,19729.7954545455,19.369189226099998,196.80607746029997,2.4227380952,6.69225,1670.6404,1689.09485,2656.125,24884.3636363636,70647.72727272731,1238.525,15.71,931.1363636364,832.1136363636,0.9383333333,253.6363636364,215.5,427.6363636364,2.8315353474,14.349545454500001,61.405039090900004,3.6037722602999995,7100.269802976994
2018-08-31,128.197,131.814,103.499,97.125,98.382,82.27,119.26,98.265,105.979,110.31200000000001,124.539,96.557,121.70100000000001,116.959,163.922,165.282,149.06,164.69400000000002,2051.511,1110.677,98.87,179.97799999999998,123.735,2171.611,128.549,83.68799999999999,852.797,6051.045,94.552,1266.345,2137.1020000000003,55.63,68.02199999999999,109.734,2053.534,198.345,268.103,162.52200000000002,8.101,10.59,2.9589999999999996,13411.351999999999,71.059,73.12899999999999,72.058,67.98899999999999,3552.946,1.594,534.3530000000001,51.516000000000005,116.52799999999999,383.435,66.592,6.662000000000001,701.797,337.5,12.78,356.13800000000003,623.054,316.659,10.455,25.659000000000002,889.1389999999999,273.3015045611,19228.7727272727,21.5462602989,211.29205884060002,2.5393478261,7.5152173913,1631.1429478484,1740.1303222222,2512.0,24895.3181818182,63302.2954545455,1201.2454545455,15.005,918.6086956522,804.5869565217,0.9745652173999999,281.08695652169996,215.5,437.0434782609,2.5829571369,15.1573904348,62.2246433333,3.7115465165,6687.17880204
2018-09-30,132.63,136.774,103.97,98.152,99.601,81.029,118.49600000000001,99.008,104.79700000000001,109.991,123.941,96.50399999999999,121.3,121.93700000000001,174.088,174.66,162.716,163.477,2026.463,1115.3310000000001,95.43299999999999,176.125,122.229,2194.886,124.387,80.407,841.174,6050.763000000001,90.355,1284.14,2143.634,55.306000000000004,68.8,105.777,2022.9129999999998,193.30700000000002,265.853,154.945,9.525,11.091,2.998,12510.35,75.355,78.86,77.02,70.186,3610.1620000000003,1.52,524.8530000000001,52.123000000000005,111.77,383.0,64.94800000000001,7.343999999999999,711.443,342.36199999999997,12.78,340.173,616.214,306.433,10.784,25.397,857.545,287.1307901907,18967.125,22.4228021602,191.14442175439999,2.4432894737,7.4192105263,1598.0866125,1747.123625,2434.675,24892.75,62210.325,1198.4725,14.263,1012.95,803.975,1.0568947368000001,303.5,215.5,439.0,3.2173387846,16.206493,58.5121316667,3.6122467943000003,6593.861372486323
2018-10-31,133.644,137.748,105.902,100.256,101.45,86.152,120.275,100.625,103.12299999999999,112.402,127.09299999999999,98.198,124.564,123.876,173.771,179.05599999999998,154.846,158.98,2029.859,1125.691,102.9,168.37,114.762,2134.199,140.576,88.33,870.238,6219.5869999999995,86.8,1279.652,2025.7720000000002,54.5,72.02199999999999,106.874,1987.5539999999999,193.30700000000002,263.85,160.366,8.607000000000001,10.036,3.2880000000000003,12314.913,76.726,80.47,78.957,70.751,3491.816,1.4169999999999998,506.856,64.291,112.258,392.043,64.432,7.093999999999999,709.209,342.36199999999997,12.78,344.18,637.509,315.85200000000003,13.185,25.201,855.7239999999999,284.1037791731,19121.4782608696,22.754663480399998,188.4616066667,2.8751086957,7.2127,1528.7933387332998,1652.3417375,2673.6739130435,24883.956521739103,60626.78260869571,1215.3934782608999,14.5836956522,1083.7391304348,829.8695652174,0.9593913043000001,314.08695652169996,215.5,433.91304347830004,3.7277496403,15.6386947826,58.7465914286,3.0705779712,6460.393204432915
2018-11-30,122.09299999999999,124.84,103.258,96.052,96.885,86.20200000000001,118.51899999999999,96.759,101.54299999999999,111.819,125.266,98.819,123.15,118.757,149.336,146.292,161.985,147.779,1938.511,1125.691,105.398,171.023,107.553,2185.034,142.115,86.744,850.794,6195.92,86.775,1267.847,1851.694,50.905,72.295,109.023,1937.114,193.30700000000002,262.709,160.878,8.211,9.777000000000001,4.135,11239.716,62.38,65.17399999999999,65.399,56.568000000000005,3591.2670000000003,1.38,444.08,57.036,116.626,390.81800000000004,61.015,6.694,702.778,342.36199999999997,12.78,338.756,610.48,322.282,12.792,25.041999999999998,818.068,278.236809512,19064.8636363636,23.933722996999997,181.55239087720003,2.8805952381,7.149,1501.8836884160999,1564.9600111111,2595.6931818182,24884.8181818182,54962.931818181794,1220.9454545455,14.366818181800001,1141.2045454546,846.1363636364,0.7463,291.6363636364,215.5,430.0,3.0570652174,14.5377272727,64.1732573684,3.0230978261000003,5429.6476093894125
2018-12-31,116.08200000000001,117.905,104.145,98.318,99.681,82.21,116.539,98.743,101.617,111.584,122.471,101.05799999999999,120.977,113.17299999999999,133.349,126.07700000000001,153.359,150.02700000000002,1920.382,1132.9260000000002,101.92,183.19,106.14399999999999,2208.408,130.721,81.188,819.41,6075.316,85.99700000000001,1246.579,1646.773,44.6,68.905,105.48200000000001,1972.316,193.30700000000002,265.426,167.49,7.8839999999999995,8.952,3.9539999999999997,10835.079,53.792,56.464,56.276,48.635,3679.111,1.358,462.439,52.226000000000006,121.93299999999999,380.333,64.439,6.773,690.951,342.36199999999997,12.78,340.212,621.879,330.48199999999997,12.554,25.226999999999997,814.422,273.8479304528,19259.5789473684,23.7912939308,188.5358362963,2.809375,7.4317,1508.861036158,1602.8338166667002,2616.2894736842,24886.631578947403,55263.157894736796,1247.9235294118,14.6952631579,1246.8571428571001,790.9047619048,0.6846111111,268.3333333333,215.5,422.0,3.8295342829,13.8647619048,64.8976565,3.0293330894999997,3705.974894668089
2019-01-31,117.24799999999999,118.806,106.149,99.986,101.40700000000001,83.191,118.25399999999999,100.37899999999999,103.04,114.40799999999999,124.301,104.84299999999999,123.24600000000001,112.041,133.30200000000002,131.423,133.17700000000002,145.338,1853.7160000000001,1139.503,102.459,185.957,105.40100000000001,2263.335,132.619,81.774,839.941,5939.102,82.355,1266.925,1707.329,42.545,75.2,106.21600000000001,1997.136,193.30700000000002,273.246,166.84599999999998,7.165,8.286,3.08,11523.091,56.434,59.273,58.673,51.357,3533.6079999999997,1.203,519.153,54.803000000000004,133.153,383.73900000000003,71.89399999999999,7.475,702.069,342.36199999999997,12.78,344.72900000000004,636.925,333.777,12.681,25.565,827.5310000000001,270.7691031868,20457.75,23.7490785985,188.8449496825,2.884047619,7.3873,1554.1314663259,1645.6779999999999,2569.7045454546,24881.3636363636,40704.5454545455,1291.7454545455,15.5902272727,1328.347826087,806.2173913042999,0.666047619,263.4782608696,215.5,420.7826086957,3.7751004016,14.0317391304,62.30124,2.9833620195,3689.4238010593044
2019-02-28,119.36200000000001,120.90299999999999,107.82600000000001,99.01700000000001,100.285,84.03200000000001,125.37200000000001,99.61,103.624,120.508,134.016,107.448,132.445,105.238,136.049,142.528,111.26899999999999,135.115,1862.9879999999998,1149.171,106.89200000000001,188.6,101.35700000000001,2255.805,134.47899999999998,82.585,818.466,6300.488,81.15,1271.361,1955.3929999999998,42.553000000000004,87.59,106.59100000000001,2062.788,193.30700000000002,269.70599999999996,169.65599999999998,5.983,6.501,2.716,12685.225,61.102,64.134,64.186,54.986000000000004,3466.163,1.187,522.288,52.64,121.03,390.55,73.90100000000001,6.73,708.773,342.36199999999997,12.78,338.04400000000004,666.3639999999999,334.50300000000004,12.929,25.766,847.22,279.39509536779997,21263.95,23.694592562199997,177.91670175439998,2.7678947368,7.7424,1617.8001400515,1689.741175,2707.1875,24883.95,32100.0,1320.065,15.80625,1446.6315789474,817.9473684211,0.6734210526000001,239.85,215.5,396.0,3.7751004016,14.105,60.887213,2.9833620195,3679.3162205416643
